Province/State-Country/Region,Indicator,20200122,20200123,20200124,20200125,20200126,20200127,20200128,20200129,20200130,20200131,20200201,20200202,20200203,20200204,20200205,20200206,20200207,20200208,20200209,20200210,20200211,20200212,20200213,20200214,20200215,20200216,20200217,20200218,20200219,20200220,20200221,20200222,20200223,20200224,20200225,20200226,20200227,20200228,20200229,20200301,20200302,20200303,20200304,20200305,20200306,20200307,20200308,20200309,20200310,20200311,20200312,20200313,20200314,20200315,20200316,20200317,20200318,20200319,20200320,20200321,20200322,20200323,20200324,20200325,20200326,20200327,20200328,20200329,20200330,20200331,20200401,20200402,20200403,20200404,20200405,20200406,20200407,20200408,20200409,20200410,20200411,
Country-Denmark,time_series_covid19_confirmed_global,0,0,0,0,0,0,0,0,0,0,0,0,0,0,0,0,0,0,0,0,0,0,0,0,0,0,0,0,0,0,0,0,0,0,0,0,1,1,3,4,4,6,10,10,23,23,35,90,262,442,615,801,827,864,914,977,1057,1151,1255,1326,1395,1450,1591,1724,1877,2046,2201,2395,2577,2860,3107,3386,3757,4077,4369,4681,5071,5402,5635,5819,5996,
Country-Finland,time_series_covid19_confirmed_global,0,0,0,0,0,0,0,1,1,1,1,1,1,1,1,1,1,1,1,1,1,1,1,1,1,1,1,1,1,1,1,1,1,1,1,2,2,2,3,6,6,6,6,12,15,15,23,30,40,59,59,155,225,244,277,321,336,400,450,523,626,700,792,880,958,1041,1167,1240,1352,1418,1446,1518,1615,1882,1927,2176,2308,2487,2605,2769,2905,
Country-Germany,time_series_covid19_confirmed_global,0,0,0,0,0,1,4,4,4,5,8,10,12,12,12,12,13,13,14,14,16,16,16,16,16,16,16,16,16,16,16,16,16,16,17,27,46,48,79,130,159,196,262,482,670,799,1040,1176,1457,1908,2078,3675,4585,5795,7272,9257,12327,15320,19848,22213,24873,29056,32986,37323,43938,50871,57695,62095,66885,71808,77872,84794,91159,96092,100123,103374,107663,113296,118181,122171,124908,
Country-Iceland,time_series_covid19_confirmed_global,0,0,0,0,0,0,0,0,0,0,0,0,0,0,0,0,0,0,0,0,0,0,0,0,0,0,0,0,0,0,0,0,0,0,0,0,0,1,1,3,6,11,26,34,43,50,50,58,69,85,103,134,156,171,180,220,250,330,409,473,568,588,648,737,802,890,963,1020,1086,1135,1220,1319,1364,1417,1486,1562,1586,1616,1648,1675,1689,
Country-Italy,time_series_covid19_confirmed_global,0,0,0,0,0,0,0,0,0,2,2,2,2,2,2,2,3,3,3,3,3,3,3,3,3,3,3,3,3,3,20,62,155,229,322,453,655,888,1128,1694,2036,2502,3089,3858,4636,5883,7375,9172,10149,12462,12462,17660,21157,24747,27980,31506,35713,41035,47021,53578,59138,63927,69176,74386,80589,86498,92472,97689,101739,105792,110574,115242,119827,124632,128948,132547,135586,139422,143626,147577,152271,
Country-Norway,time_series_covid19_confirmed_global,0,0,0,0,0,0,0,0,0,0,0,0,0,0,0,0,0,0,0,0,0,0,0,0,0,0,0,0,0,0,0,0,0,0,0,1,1,6,15,19,25,32,56,87,108,147,176,205,400,598,702,996,1090,1221,1333,1463,1550,1746,1914,2118,2385,2621,2863,3084,3369,3755,4015,4284,4445,4641,4863,5147,5370,5550,5687,5865,6086,6086,6211,6314,6409,
Country-Poland,time_series_covid19_confirmed_global,0,0,0,0,0,0,0,0,0,0,0,0,0,0,0,0,0,0,0,0,0,0,0,0,0,0,0,0,0,0,0,0,0,0,0,0,0,0,0,0,0,0,1,1,5,5,11,16,22,31,49,68,103,119,177,238,251,355,425,536,634,749,901,1051,1221,1389,1638,1862,2055,2311,2554,2946,3383,3627,4102,4413,4848,5205,5575,5955,6356,
Country-Spain,time_series_covid19_confirmed_global,0,0,0,0,0,0,0,0,0,0,1,1,1,1,1,1,1,1,2,2,2,2,2,2,2,2,2,2,2,2,2,2,2,2,6,13,15,32,45,84,120,165,222,259,400,500,673,1073,1695,2277,2277,5232,6391,7798,9942,11748,13910,17963,20410,25374,28768,35136,39885,49515,57786,65719,73235,80110,87956,95923,104118,112065,119199,126168,131646,136675,141942,148220,153222,158273,163027,
Country-Sweden,time_series_covid19_confirmed_global,0,0,0,0,0,0,0,0,0,1,1,1,1,1,1,1,1,1,1,1,1,1,1,1,1,1,1,1,1,1,1,1,1,1,1,2,7,7,12,14,15,21,35,94,101,161,203,248,355,500,599,814,961,1022,1103,1190,1279,1439,1639,1763,1934,2046,2286,2526,2840,3069,3447,3700,4028,4435,4947,5568,6131,6443,6830,7206,7693,8419,9141,9685,10151,
Country-Switzerland,time_series_covid19_confirmed_global,0,0,0,0,0,0,0,0,0,0,0,0,0,0,0,0,0,0,0,0,0,0,0,0,0,0,0,0,0,0,0,0,0,0,1,1,8,8,18,27,42,56,90,114,214,268,337,374,491,652,652,1139,1359,2200,2200,2700,3028,4075,5294,6575,7474,8795,9877,10897,11811,12928,14076,14829,15922,16605,17768,18827,19606,20505,21100,21657,22253,23280,24051,24551,25107,
Country-US,time_series_covid19_confirmed_global,1,1,2,2,5,5,5,5,5,7,8,8,11,11,11,11,11,11,11,11,12,12,13,13,13,13,13,13,13,13,15,15,15,51,51,57,58,60,68,74,98,118,149,217,262,402,518,583,959,1281,1663,2179,2727,3499,4632,6421,7783,13747,19273,25600,33276,43847,53740,65778,83836,101657,121465,140909,161831,188172,213372,243762,275586,308853,337072,366667,396223,429052,461437,496535,526396,
Country-United Kingdom,time_series_covid19_confirmed_global,0,0,0,0,0,0,0,0,0,2,2,2,2,2,2,2,3,3,3,8,8,9,9,9,9,9,9,9,9,9,9,9,9,13,13,13,15,20,23,36,40,51,85,115,163,206,273,321,382,456,456,798,1140,1140,1543,1950,2626,2689,3983,5018,5683,6650,8077,9529,11658,14543,17089,19522,22141,25150,29474,33718,38168,41903,47806,51608,55242,60733,65077,73758,78991,
Country-Denmark,Day: Confirmed,0,0,0,0,0,0,0,0,0,0,0,0,0,0,0,0,0,0,0,0,0,0,0,0,0,0,0,0,0,0,0,0,0,0,0,0,1,0,2,1,0,2,4,0,13,0,12,55,172,180,173,186,26,37,50,63,80,94,104,71,69,55,141,133,153,169,155,194,182,283,247,279,371,320,292,312,390,331,233,184,177,
Country-Finland,Day: Confirmed,0,0,0,0,0,0,0,1,0,0,0,0,0,0,0,0,0,0,0,0,0,0,0,0,0,0,0,0,0,0,0,0,0,0,0,1,0,0,1,3,0,0,0,6,3,0,8,7,10,19,0,96,70,19,33,44,15,64,50,73,103,74,92,88,78,83,126,73,112,66,28,72,97,267,45,249,132,179,118,164,136,
Country-Germany,Day: Confirmed,0,0,0,0,0,1,3,0,0,1,3,2,2,0,0,0,1,0,1,0,2,0,0,0,0,0,0,0,0,0,0,0,0,0,1,10,19,2,31,51,29,37,66,220,188,129,241,136,281,451,170,1597,910,1210,1477,1985,3070,2993,4528,2365,2660,4183,3930,4337,6615,6933,6824,4400,4790,4923,6064,6922,6365,4933,4031,3251,4289,5633,4885,3990,2737,
Country-Iceland,Day: Confirmed,0,0,0,0,0,0,0,0,0,0,0,0,0,0,0,0,0,0,0,0,0,0,0,0,0,0,0,0,0,0,0,0,0,0,0,0,0,1,0,2,3,5,15,8,9,7,0,8,11,16,18,31,22,15,9,40,30,80,79,64,95,20,60,89,65,88,73,57,66,49,85,99,45,53,69,76,24,30,32,27,14,
Country-Italy,Day: Confirmed,0,0,0,0,0,0,0,0,0,2,0,0,0,0,0,0,1,0,0,0,0,0,0,0,0,0,0,0,0,0,17,42,93,74,93,131,202,233,240,566,342,466,587,769,778,1247,1492,1797,977,2313,0,5198,3497,3590,3233,3526,4207,5322,5986,6557,5560,4789,5249,5210,6203,5909,5974,5217,4050,4053,4782,4668,4585,4805,4316,3599,3039,3836,4204,3951,4694,
Country-Norway,Day: Confirmed,0,0,0,0,0,0,0,0,0,0,0,0,0,0,0,0,0,0,0,0,0,0,0,0,0,0,0,0,0,0,0,0,0,0,0,1,0,5,9,4,6,7,24,31,21,39,29,29,195,198,104,294,94,131,112,130,87,196,168,204,267,236,242,221,285,386,260,269,161,196,222,284,223,180,137,178,221,0,125,103,95,
Country-Poland,Day: Confirmed,0,0,0,0,0,0,0,0,0,0,0,0,0,0,0,0,0,0,0,0,0,0,0,0,0,0,0,0,0,0,0,0,0,0,0,0,0,0,0,0,0,0,1,0,4,0,6,5,6,9,18,19,35,16,58,61,13,104,70,111,98,115,152,150,170,168,249,224,193,256,243,392,437,244,475,311,435,357,370,380,401,
Country-Spain,Day: Confirmed,0,0,0,0,0,0,0,0,0,0,1,0,0,0,0,0,0,0,1,0,0,0,0,0,0,0,0,0,0,0,0,0,0,0,4,7,2,17,13,39,36,45,57,37,141,100,173,400,622,582,0,2955,1159,1407,2144,1806,2162,4053,2447,4964,3394,6368,4749,9630,8271,7933,7516,6875,7846,7967,8195,7947,7134,6969,5478,5029,5267,6278,5002,5051,4754,
Country-Sweden,Day: Confirmed,0,0,0,0,0,0,0,0,0,1,0,0,0,0,0,0,0,0,0,0,0,0,0,0,0,0,0,0,0,0,0,0,0,0,0,1,5,0,5,2,1,6,14,59,7,60,42,45,107,145,99,215,147,61,81,87,89,160,200,124,171,112,240,240,314,229,378,253,328,407,512,621,563,312,387,376,487,726,722,544,466,
Country-Switzerland,Day: Confirmed,0,0,0,0,0,0,0,0,0,0,0,0,0,0,0,0,0,0,0,0,0,0,0,0,0,0,0,0,0,0,0,0,0,0,1,0,7,0,10,9,15,14,34,24,100,54,69,37,117,161,0,487,220,841,0,500,328,1047,1219,1281,899,1321,1082,1020,914,1117,1148,753,1093,683,1163,1059,779,899,595,557,596,1027,771,500,556,
Country-US,Day: Confirmed,1,0,1,0,3,0,0,0,0,2,1,0,3,0,0,0,0,0,0,0,1,0,1,0,0,0,0,0,0,0,2,0,0,36,0,6,1,2,8,6,24,20,31,68,45,140,116,65,376,322,382,516,548,772,1133,1789,1362,5964,5526,6327,7676,10571,9893,12038,18058,17821,19808,19444,20922,26341,25200,30390,31824,33267,28219,29595,29556,32829,32385,35098,29861,
Country-United Kingdom,Day: Confirmed,0,0,0,0,0,0,0,0,0,2,0,0,0,0,0,0,1,0,0,5,0,1,0,0,0,0,0,0,0,0,0,0,0,4,0,0,2,5,3,13,4,11,34,30,48,43,67,48,61,74,0,342,342,0,403,407,676,63,1294,1035,665,967,1427,1452,2129,2885,2546,2433,2619,3009,4324,4244,4450,3735,5903,3802,3634,5491,4344,8681,5233,
Country-Denmark,Day: Death,0,0,0,0,0,0,0,0,0,0,0,0,0,0,0,0,0,0,0,0,0,0,0,0,0,0,0,0,0,0,0,0,0,0,0,0,0,0,0,0,0,0,0,0,0,0,0,0,0,0,0,0,1,1,1,1,0,2,3,4,0,11,8,2,7,11,13,7,5,13,14,19,16,22,18,8,16,15,19,10,13,
Country-Finland,Day: Death,0,0,0,0,0,0,0,0,0,0,0,0,0,0,0,0,0,0,0,0,0,0,0,0,0,0,0,0,0,0,0,0,0,0,0,0,0,0,0,0,0,0,0,0,0,0,0,0,0,0,0,0,0,0,0,0,0,0,0,1,0,0,0,2,2,2,2,2,2,4,0,2,1,5,3,-1,7,6,2,6,1,
Country-Germany,Day: Death,0,0,0,0,0,0,0,0,0,0,0,0,0,0,0,0,0,0,0,0,0,0,0,0,0,0,0,0,0,0,0,0,0,0,0,0,0,0,0,0,0,0,0,0,0,0,0,2,0,1,0,4,2,2,6,7,4,16,23,17,10,29,34,49,61,75,91,100,112,130,145,187,168,169,140,226,206,333,258,160,-31,
Country-Iceland,Day: Death,0,0,0,0,0,0,0,0,0,0,0,0,0,0,0,0,0,0,0,0,0,0,0,0,0,0,0,0,0,0,0,0,0,0,0,0,0,0,0,0,0,0,0,0,0,0,0,0,0,0,0,0,0,5,0,1,0,0,0,1,0,0,1,0,0,0,0,0,0,0,0,2,0,0,0,2,0,0,0,1,1,
Country-Italy,Day: Death,0,0,0,0,0,0,0,0,0,0,0,0,0,0,0,0,0,0,0,0,0,0,0,0,0,0,0,0,0,0,1,1,1,4,3,2,5,4,8,5,18,27,28,41,49,36,133,97,168,196,0,439,175,368,349,345,475,427,627,793,651,601,743,683,712,919,889,756,812,837,727,760,766,681,525,636,604,542,610,570,619,
Country-Norway,Day: Death,0,0,0,0,0,0,0,0,0,0,0,0,0,0,0,0,0,0,0,0,0,0,0,0,0,0,0,0,0,0,0,0,0,0,0,0,0,0,0,0,0,0,0,0,0,0,0,0,0,0,0,0,3,0,0,0,3,1,0,0,0,3,2,2,0,5,4,2,7,7,5,6,9,3,9,5,13,12,7,5,6,
Country-Poland,Day: Death,0,0,0,0,0,0,0,0,0,0,0,0,0,0,0,0,0,0,0,0,0,0,0,0,0,0,0,0,0,0,0,0,0,0,0,0,0,0,0,0,0,0,0,0,0,0,0,0,0,0,1,1,1,0,1,1,0,0,0,0,2,1,2,4,2,0,2,4,9,2,10,14,14,8,15,13,22,30,15,7,27,
Country-Spain,Day: Death,0,0,0,0,0,0,0,0,0,0,0,0,0,0,0,0,0,0,0,0,0,0,0,0,0,0,0,0,0,0,0,0,0,0,0,0,0,0,0,0,0,1,1,1,2,5,7,11,7,19,1,78,62,94,53,191,90,207,213,332,397,539,497,839,718,773,844,821,913,748,923,961,850,749,694,700,704,747,655,634,525,
Country-Sweden,Day: Death,0,0,0,0,0,0,0,0,0,0,0,0,0,0,0,0,0,0,0,0,0,0,0,0,0,0,0,0,0,0,0,0,0,0,0,0,0,0,0,0,0,0,0,0,0,0,0,0,0,1,0,0,1,1,3,1,3,1,5,4,1,4,11,26,15,28,0,5,36,34,59,69,50,15,28,76,114,96,106,77,17,
Country-Switzerland,Day: Death,0,0,0,0,0,0,0,0,0,0,0,0,0,0,0,0,0,0,0,0,0,0,0,0,0,0,0,0,0,0,0,0,0,0,0,0,0,0,0,0,0,0,0,1,0,0,1,0,1,1,0,7,2,1,0,13,1,13,13,21,23,22,2,31,38,40,33,36,59,74,55,48,55,75,49,50,56,74,53,54,34,
Country-US,Day: Death,0,0,0,0,0,0,0,0,0,0,0,0,0,0,0,0,0,0,0,0,0,0,0,0,0,0,0,0,0,0,0,0,0,0,0,0,0,0,1,0,5,1,4,1,2,3,4,1,6,8,4,7,7,9,22,23,10,82,44,63,110,140,149,236,267,372,445,441,511,895,884,1169,1161,1320,1212,1164,1939,1973,1783,2108,1877,
Country-United Kingdom,Day: Death,0,0,0,0,0,0,0,0,0,0,0,0,0,0,0,0,0,0,0,0,0,0,0,0,0,0,0,0,0,0,0,0,0,0,0,0,0,0,0,0,0,0,0,1,1,0,1,1,2,2,0,0,13,0,34,0,16,66,40,56,48,54,87,43,113,181,260,209,180,381,563,569,684,708,621,439,786,938,881,980,917,
Country-Denmark,Day: Norm Confirmed,0,0,0,0,0,0,0,0,0,0,0,0,0,0,0,0,0,0,0,0,0,0,0,0,0,0,0,0,0,0,0,0,0,0,0,0,173,0,345,173,0,345,691,0,2244,0,2072,9496,29695,31076,29868,32112,4489,6388,8632,10877,13812,16229,17955,12258,11913,9496,24343,22962,26415,29177,26760,33493,31422,48859,42644,48168,64052,55247,50413,53866,67332,57146,40226,31767,30558,
Country-Finland,Day: Norm Confirmed,0,0,0,0,0,0,0,181,0,0,0,0,0,0,0,0,0,0,0,0,0,0,0,0,0,0,0,0,0,0,0,0,0,0,0,181,0,0,181,542,0,0,0,1083,542,0,1444,1264,1805,3430,0,17329,12635,3430,5957,7942,2708,11552,9025,13177,18592,13357,16606,15884,14079,14982,22744,13177,20217,11913,5054,12996,17509,48195,8123,44946,23827,32310,21300,29603,24549,
Country-Germany,Day: Norm Confirmed,0,0,0,0,0,12,36,0,0,12,36,24,24,0,0,0,12,0,12,0,24,0,0,0,0,0,0,0,0,0,0,0,0,0,12,119,227,24,370,609,346,442,788,2626,2244,1540,2876,1623,3354,5383,2029,19061,10861,14442,17629,23692,36642,35723,54044,28227,31748,49926,46906,51764,78953,82749,81448,52516,57171,58758,72377,82617,75969,58878,48112,38802,51191,67232,58305,47622,32667,
Country-Iceland,Day: Norm Confirmed,0,0,0,0,0,0,0,0,0,0,0,0,0,0,0,0,0,0,0,0,0,0,0,0,0,0,0,0,0,0,0,0,0,0,0,0,0,2930,0,5861,8791,14652,43957,23444,26374,20513,0,23444,32235,46887,52748,90844,64470,43957,26374,117219,87914,234437,231507,187550,278394,58609,175828,260811,190480,257881,213924,167036,193411,143593,249089,290116,131871,155315,202202,222715,70331,87914,93775,79123,41026,
Country-Italy,Day: Norm Confirmed,0,0,0,0,0,0,0,0,0,33,0,0,0,0,0,0,17,0,0,0,0,0,0,0,0,0,0,0,0,0,282,696,1542,1227,1542,2172,3349,3863,3979,9384,5670,7726,9732,12749,12898,20674,24736,29792,16198,38347,0,86177,57976,59518,53600,58457,69748,88233,99241,108708,92179,79396,87023,86376,102839,97965,99042,86492,67145,67194,79280,77390,76014,79662,71555,59668,50383,63597,69698,65503,77821,
Country-Norway,Day: Norm Confirmed,0,0,0,0,0,0,0,0,0,0,0,0,0,0,0,0,0,0,0,0,0,0,0,0,0,0,0,0,0,0,0,0,0,0,0,185,0,925,1665,740,1110,1295,4440,5735,3885,7215,5365,5365,36075,36630,19240,54391,17390,24235,20720,24050,16095,36260,31080,37740,49396,43660,44771,40885,52726,71411,48101,49766,29785,36260,41070,52541,41255,33300,25345,32930,40885,0,23125,19055,17575,
Country-Poland,Day: Norm Confirmed,0,0,0,0,0,0,0,0,0,0,0,0,0,0,0,0,0,0,0,0,0,0,0,0,0,0,0,0,0,0,0,0,0,0,0,0,0,0,0,0,0,0,26,0,104,0,156,130,156,234,469,495,912,417,1511,1589,339,2709,1824,2892,2553,2996,3960,3908,4429,4377,6487,5835,5028,6669,6330,10212,11384,6356,12374,8102,11332,9300,9639,9899,10447,
Country-Spain,Day: Norm Confirmed,0,0,0,0,0,0,0,0,0,0,21,0,0,0,0,0,0,0,21,0,0,0,0,0,0,0,0,0,0,0,0,0,0,0,86,150,43,364,278,835,770,963,1220,792,3017,2140,3702,8559,13310,12454,0,63231,24800,30107,45878,38645,46263,86727,52361,106220,72625,136263,101620,206064,176984,169751,160828,147112,167890,170479,175358,170051,152654,149124,117219,107611,112704,134338,107033,108082,101727,
Country-Sweden,Day: Norm Confirmed,0,0,0,0,0,0,0,0,0,99,0,0,0,0,0,0,0,0,0,0,0,0,0,0,0,0,0,0,0,0,0,0,0,0,0,99,494,0,494,198,99,593,1383,5830,692,5929,4150,4447,10573,14328,9783,21245,14526,6028,8004,8597,8794,15810,19763,12253,16897,11067,23715,23715,31028,22628,37352,25000,32411,40217,50593,61364,55632,30830,38241,37154,48123,71739,71344,53755,46047,
Country-Switzerland,Day: Norm Confirmed,0,0,0,0,0,0,0,0,0,0,0,0,0,0,0,0,0,0,0,0,0,0,0,0,0,0,0,0,0,0,0,0,0,0,117,0,817,0,1167,1050,1750,1634,3967,2800,11669,6301,8051,4317,13652,18786,0,56826,25671,98133,0,58343,38273,122170,142240,149475,104901,154142,126254,119020,106651,130338,133956,87865,127538,79697,135706,123571,90898,104901,69428,64994,69545,119837,89965,58343,64877,
Country-US,Day: Norm Confirmed,3,0,3,0,9,0,0,0,0,6,3,0,9,0,0,0,0,0,0,0,3,0,3,0,0,0,0,0,0,0,6,0,0,110,0,18,3,6,24,18,73,61,94,207,137,427,353,198,1146,981,1164,1572,1670,2352,3452,5450,4149,18170,16835,19276,23385,32205,30140,36674,55015,54293,60346,59237,63740,80249,76773,92585,96954,101350,85971,90163,90044,100015,98663,106928,90973,
Country-United Kingdom,Day: Norm Confirmed,0,0,0,0,0,0,0,0,0,30,0,0,0,0,0,0,15,0,0,74,0,15,0,0,0,0,0,0,0,0,0,0,0,59,0,0,30,74,44,192,59,162,502,443,708,635,989,708,900,1092,0,5047,5047,0,5947,6006,9976,930,19095,15273,9813,14270,21058,21427,31417,42573,37571,35903,38648,44403,63808,62628,65668,55117,87109,56105,53626,81029,64103,128104,77222,
Country-Denmark,Day: Norm Death,0,0,0,0,0,0,0,0,0,0,0,0,0,0,0,0,0,0,0,0,0,0,0,0,0,0,0,0,0,0,0,0,0,0,0,0,0,0,0,0,0,0,0,0,0,0,0,0,0,0,0,0,173,173,173,173,0,345,518,691,0,1899,1381,345,1209,1899,2244,1209,863,2244,2417,3280,2762,3798,3108,1381,2762,2590,3280,1726,2244,
Country-Finland,Day: Norm Death,0,0,0,0,0,0,0,0,0,0,0,0,0,0,0,0,0,0,0,0,0,0,0,0,0,0,0,0,0,0,0,0,0,0,0,0,0,0,0,0,0,0,0,0,0,0,0,0,0,0,0,0,0,0,0,0,0,0,0,181,0,0,0,361,361,361,361,361,361,722,0,361,181,903,542,-181,1264,1083,361,1083,181,
Country-Germany,Day: Norm Death,0,0,0,0,0,0,0,0,0,0,0,0,0,0,0,0,0,0,0,0,0,0,0,0,0,0,0,0,0,0,0,0,0,0,0,0,0,0,0,0,0,0,0,0,0,0,0,24,0,12,0,48,24,24,72,84,48,191,275,203,119,346,406,585,728,895,1086,1194,1337,1552,1731,2232,2005,2017,1671,2697,2459,3975,3079,1910,-370,
Country-Iceland,Day: Norm Death,0,0,0,0,0,0,0,0,0,0,0,0,0,0,0,0,0,0,0,0,0,0,0,0,0,0,0,0,0,0,0,0,0,0,0,0,0,0,0,0,0,0,0,0,0,0,0,0,0,0,0,0,0,14652,0,2930,0,0,0,2930,0,0,2930,0,0,0,0,0,0,0,0,5861,0,0,0,5861,0,0,0,2930,2930,
Country-Italy,Day: Norm Death,0,0,0,0,0,0,0,0,0,0,0,0,0,0,0,0,0,0,0,0,0,0,0,0,0,0,0,0,0,0,17,17,17,66,50,33,83,66,133,83,298,448,464,680,812,597,2205,1608,2785,3249,0,7278,2901,6101,5786,5720,7875,7079,10395,13147,10793,9964,12318,11323,11804,15236,14739,12534,13462,13877,12053,12600,12699,11290,8704,10544,10014,8986,10113,9450,10262,
Country-Norway,Day: Norm Death,0,0,0,0,0,0,0,0,0,0,0,0,0,0,0,0,0,0,0,0,0,0,0,0,0,0,0,0,0,0,0,0,0,0,0,0,0,0,0,0,0,0,0,0,0,0,0,0,0,0,0,0,555,0,0,0,555,185,0,0,0,555,370,370,0,925,740,370,1295,1295,925,1110,1665,555,1665,925,2405,2220,1295,925,1110,
Country-Poland,Day: Norm Death,0,0,0,0,0,0,0,0,0,0,0,0,0,0,0,0,0,0,0,0,0,0,0,0,0,0,0,0,0,0,0,0,0,0,0,0,0,0,0,0,0,0,0,0,0,0,0,0,0,0,26,26,26,0,26,26,0,0,0,0,52,26,52,104,52,0,52,104,234,52,261,365,365,208,391,339,573,782,391,182,703,
Country-Spain,Day: Norm Death,0,0,0,0,0,0,0,0,0,0,0,0,0,0,0,0,0,0,0,0,0,0,0,0,0,0,0,0,0,0,0,0,0,0,0,0,0,0,0,0,0,21,21,21,43,107,150,235,150,407,21,1669,1327,2011,1134,4087,1926,4429,4558,7104,8495,11534,10635,17953,15364,16541,18060,17568,19537,16006,19750,20564,18188,16027,14850,14979,15064,15984,14016,13566,11234,
Country-Sweden,Day: Norm Death,0,0,0,0,0,0,0,0,0,0,0,0,0,0,0,0,0,0,0,0,0,0,0,0,0,0,0,0,0,0,0,0,0,0,0,0,0,0,0,0,0,0,0,0,0,0,0,0,0,99,0,0,99,99,296,99,296,99,494,395,99,395,1087,2569,1482,2767,0,494,3557,3360,5830,6818,4941,1482,2767,7510,11265,9486,10474,7609,1680,
Country-Switzerland,Day: Norm Death,0,0,0,0,0,0,0,0,0,0,0,0,0,0,0,0,0,0,0,0,0,0,0,0,0,0,0,0,0,0,0,0,0,0,0,0,0,0,0,0,0,0,0,117,0,0,117,0,117,117,0,817,233,117,0,1517,117,1517,1517,2450,2684,2567,233,3617,4434,4667,3851,4201,6884,8635,6418,5601,6418,8751,5718,5834,6534,8635,6184,6301,3967,
Country-US,Day: Norm Death,0,0,0,0,0,0,0,0,0,0,0,0,0,0,0,0,0,0,0,0,0,0,0,0,0,0,0,0,0,0,0,0,0,0,0,0,0,0,3,0,15,3,12,3,6,9,12,3,18,24,12,21,21,27,67,70,30,250,134,192,335,427,454,719,813,1133,1356,1344,1557,2727,2693,3561,3537,4021,3692,3546,5907,6011,5432,6422,5718,
Country-United Kingdom,Day: Norm Death,0,0,0,0,0,0,0,0,0,0,0,0,0,0,0,0,0,0,0,0,0,0,0,0,0,0,0,0,0,0,0,0,0,0,0,0,0,0,0,0,0,0,0,15,15,0,15,15,30,30,0,0,192,0,502,0,236,974,590,826,708,797,1284,635,1668,2671,3837,3084,2656,5622,8308,8397,10094,10448,9164,6478,11599,13842,13001,14462,13532,
Country-Denmark,Day: Norm Recovered,0,0,0,0,0,0,0,0,0,0,0,0,0,0,0,0,0,0,0,0,0,0,0,0,0,0,0,0,0,0,0,0,0,0,0,0,0,0,0,0,0,0,0,0,173,0,0,0,0,0,0,0,0,0,0,0,0,0,0,0,0,0,0,0,0,0,0,0,0,0,154173,33666,17955,15538,7596,8805,19509,22444,19854,6388,31422,
Country-Finland,Day: Norm Recovered,0,0,0,0,0,0,0,0,0,0,0,0,0,0,0,0,0,0,0,0,0,181,0,0,0,0,0,0,0,0,0,0,0,0,0,0,0,0,0,0,0,0,0,0,0,0,0,0,0,0,0,0,0,1625,0,0,0,0,0,0,0,0,0,0,0,0,0,0,0,0,0,52347,0,0,0,0,0,0,0,0,0,
Country-Germany,Day: Norm Recovered,0,0,0,0,0,0,0,0,0,0,0,0,0,0,0,0,0,0,0,0,0,0,12,0,0,0,0,131,0,0,24,0,0,0,0,12,12,0,0,0,0,0,0,0,12,12,0,0,0,84,0,251,0,0,251,0,454,95,800,633,394,0,35532,3628,25375,11756,21758,8713,51191,31032,31032,44639,25482,21782,27452,0,88096,121968,72890,17975,41619,
Country-Iceland,Day: Norm Recovered,0,0,0,0,0,0,0,0,0,0,0,0,0,0,0,0,0,0,0,0,0,0,0,0,0,0,0,0,0,0,0,0,0,0,0,0,0,0,0,0,0,0,0,0,0,0,0,0,2930,0,0,0,0,20513,0,0,14652,0,0,49818,41026,0,43957,14652,76192,43957,49818,61540,64470,120149,79123,172897,73262,254950,93775,93775,290116,216854,161175,184619,263742,
Country-Italy,Day: Norm Recovered,0,0,0,0,0,0,0,0,0,0,0,0,0,0,0,0,0,0,0,0,0,0,0,0,0,0,0,0,0,0,0,17,17,-17,0,33,696,17,0,613,1094,182,1923,2288,1807,1094,547,1691,0,5322,0,6532,8737,6118,6864,3183,17972,6880,0,27057,15783,0,21586,17176,16562,9765,23774,10710,26360,18386,18535,23724,24537,20525,13578,16944,25780,34799,32810,32909,34468,
Country-Norway,Day: Norm Recovered,0,0,0,0,0,0,0,0,0,0,0,0,0,0,0,0,0,0,0,0,0,0,0,0,0,0,0,0,0,0,0,0,0,0,0,0,0,0,0,0,0,0,0,0,0,0,0,185,0,0,0,0,0,0,0,0,0,0,0,0,0,0,925,0,0,0,185,0,925,185,0,3515,0,0,0,0,0,0,0,0,0,
Country-Poland,Day: Norm Recovered,0,0,0,0,0,0,0,0,0,0,0,0,0,0,0,0,0,0,0,0,0,0,0,0,0,0,0,0,0,0,0,0,0,0,0,0,0,0,0,0,0,0,0,0,0,0,0,0,0,0,0,0,0,0,339,0,0,-313,0,0,0,0,0,156,0,0,0,0,0,0,1042,234,0,1563,469,729,755,808,1615,886,1485,
Country-Spain,Day: Norm Recovered,0,0,0,0,0,0,0,0,0,0,0,0,0,0,0,0,0,0,0,0,0,0,0,0,43,0,0,0,0,0,0,0,0,0,0,0,0,0,0,0,0,0,0,0,0,599,0,43,0,3231,0,214,6933,0,278,10656,1134,556,10293,11491,9629,0,26084,33659,35264,50114,62654,51869,44316,53046,72497,87647,80671,79301,82618,50435,59294,102989,88674,74958,73631,
Country-Sweden,Day: Norm Recovered,0,0,0,0,0,0,0,0,0,0,0,0,0,0,0,0,0,0,0,0,0,0,0,0,0,0,0,0,0,0,0,0,0,0,0,0,0,0,0,0,0,0,0,0,0,0,0,99,0,0,0,0,0,0,0,0,0,1482,0,0,0,0,0,0,0,0,0,0,0,0,8597,0,10079,0,0,0,0,0,0,17391,0,
Country-Switzerland,Day: Norm Recovered,0,0,0,0,0,0,0,0,0,0,0,0,0,0,0,0,0,0,0,0,0,0,0,0,0,0,0,0,0,0,0,0,0,0,0,0,0,0,0,0,0,233,117,0,0,0,0,0,0,117,0,0,0,0,0,0,1284,0,0,0,13536,0,0,0,0,163244,0,7585,26604,0,133489,122054,97200,183081,0,191482,75613,127888,93349,58343,116686,
Country-US,Day: Norm Recovered,0,0,0,0,0,0,0,0,0,0,0,0,0,0,0,0,0,0,9,0,0,0,0,0,0,0,0,0,0,0,6,0,0,0,3,0,0,3,0,0,0,0,0,0,0,0,0,0,3,0,12,0,0,0,15,0,268,49,79,88,6,0,518,40,975,573,618,4853,9076,4204,4418,1606,2151,15065,8518,6498,6648,5472,5639,10297,7555,
Country-United Kingdom,Day: Norm Recovered,0,0,0,0,0,0,0,0,0,0,0,0,0,0,0,0,0,0,0,0,0,15,0,0,0,103,0,0,0,0,0,0,0,0,0,0,0,0,0,0,0,0,0,0,0,148,0,0,0,0,0,0,0,0,30,472,192,0,0,0,0,0,1033,0,0,0,0,0,0,0,0,0,0,0,0,0,0,0,0,3084,0,
Country-Denmark,Day: Recovered,0,0,0,0,0,0,0,0,0,0,0,0,0,0,0,0,0,0,0,0,0,0,0,0,0,0,0,0,0,0,0,0,0,0,0,0,0,0,0,0,0,0,0,0,1,0,0,0,0,0,0,0,0,0,0,0,0,0,0,0,0,0,0,0,0,0,0,0,0,0,893,195,104,90,44,51,113,130,115,37,182,
Country-Finland,Day: Recovered,0,0,0,0,0,0,0,0,0,0,0,0,0,0,0,0,0,0,0,0,0,1,0,0,0,0,0,0,0,0,0,0,0,0,0,0,0,0,0,0,0,0,0,0,0,0,0,0,0,0,0,0,0,9,0,0,0,0,0,0,0,0,0,0,0,0,0,0,0,0,0,290,0,0,0,0,0,0,0,0,0,
Country-Germany,Day: Recovered,0,0,0,0,0,0,0,0,0,0,0,0,0,0,0,0,0,0,0,0,0,0,1,0,0,0,0,11,0,0,2,0,0,0,0,1,1,0,0,0,0,0,0,0,1,1,0,0,0,7,0,21,0,0,21,0,38,8,67,53,33,0,2977,304,2126,985,1823,730,4289,2600,2600,3740,2135,1825,2300,0,7381,10219,6107,1506,3487,
Country-Iceland,Day: Recovered,0,0,0,0,0,0,0,0,0,0,0,0,0,0,0,0,0,0,0,0,0,0,0,0,0,0,0,0,0,0,0,0,0,0,0,0,0,0,0,0,0,0,0,0,0,0,0,0,1,0,0,0,0,7,0,0,5,0,0,17,14,0,15,5,26,15,17,21,22,41,27,59,25,87,32,32,99,74,55,63,90,
Country-Italy,Day: Recovered,0,0,0,0,0,0,0,0,0,0,0,0,0,0,0,0,0,0,0,0,0,0,0,0,0,0,0,0,0,0,0,1,1,-1,0,2,42,1,0,37,66,11,116,138,109,66,33,102,0,321,0,394,527,369,414,192,1084,415,0,1632,952,0,1302,1036,999,589,1434,646,1590,1109,1118,1431,1480,1238,819,1022,1555,2099,1979,1985,2079,
Country-Norway,Day: Recovered,0,0,0,0,0,0,0,0,0,0,0,0,0,0,0,0,0,0,0,0,0,0,0,0,0,0,0,0,0,0,0,0,0,0,0,0,0,0,0,0,0,0,0,0,0,0,0,1,0,0,0,0,0,0,0,0,0,0,0,0,0,0,5,0,0,0,1,0,5,1,0,19,0,0,0,0,0,0,0,0,0,
Country-Poland,Day: Recovered,0,0,0,0,0,0,0,0,0,0,0,0,0,0,0,0,0,0,0,0,0,0,0,0,0,0,0,0,0,0,0,0,0,0,0,0,0,0,0,0,0,0,0,0,0,0,0,0,0,0,0,0,0,0,13,0,0,-12,0,0,0,0,0,6,0,0,0,0,0,0,40,9,0,60,18,28,29,31,62,34,57,
Country-Spain,Day: Recovered,0,0,0,0,0,0,0,0,0,0,0,0,0,0,0,0,0,0,0,0,0,0,0,0,2,0,0,0,0,0,0,0,0,0,0,0,0,0,0,0,0,0,0,0,0,28,0,2,0,151,0,10,324,0,13,498,53,26,481,537,450,0,1219,1573,1648,2342,2928,2424,2071,2479,3388,4096,3770,3706,3861,2357,2771,4813,4144,3503,3441,
Country-Sweden,Day: Recovered,0,0,0,0,0,0,0,0,0,0,0,0,0,0,0,0,0,0,0,0,0,0,0,0,0,0,0,0,0,0,0,0,0,0,0,0,0,0,0,0,0,0,0,0,0,0,0,1,0,0,0,0,0,0,0,0,0,15,0,0,0,0,0,0,0,0,0,0,0,0,87,0,102,0,0,0,0,0,0,176,0,
Country-Switzerland,Day: Recovered,0,0,0,0,0,0,0,0,0,0,0,0,0,0,0,0,0,0,0,0,0,0,0,0,0,0,0,0,0,0,0,0,0,0,0,0,0,0,0,0,0,2,1,0,0,0,0,0,0,1,0,0,0,0,0,0,11,0,0,0,116,0,0,0,0,1399,0,65,228,0,1144,1046,833,1569,0,1641,648,1096,800,500,1000,
Country-US,Day: Recovered,0,0,0,0,0,0,0,0,0,0,0,0,0,0,0,0,0,0,3,0,0,0,0,0,0,0,0,0,0,0,2,0,0,0,1,0,0,1,0,0,0,0,0,0,0,0,0,0,1,0,4,0,0,0,5,0,88,16,26,29,2,0,170,13,320,188,203,1593,2979,1380,1450,527,706,4945,2796,2133,2182,1796,1851,3380,2480,
Country-United Kingdom,Day: Recovered,0,0,0,0,0,0,0,0,0,0,0,0,0,0,0,0,0,0,0,0,0,1,0,0,0,7,0,0,0,0,0,0,0,0,0,0,0,0,0,0,0,0,0,0,0,10,0,0,0,0,0,0,0,0,2,32,13,0,0,0,0,0,70,0,0,0,0,0,0,0,0,0,0,0,0,0,0,0,0,209,0,
Country-Denmark,Population Normalized: Confirmed,0,0,0,0,0,0,0,0,0,0,0,0,0,0,0,0,0,0,0,0,0,0,0,0,0,0,0,0,0,0,0,0,0,0,0,0,173,173,518,691,691,1036,1726,1726,3971,3971,6043,15538,45233,76309,106177,138289,142778,149166,157798,168675,182487,198715,216671,228928,240841,250337,274680,297642,324056,353234,379994,413487,444909,493767,536411,584579,648631,703877,754290,808156,875487,932633,972860,1004627,1035185,
Country-Finland,Population Normalized: Confirmed,0,0,0,0,0,0,0,181,181,181,181,181,181,181,181,181,181,181,181,181,181,181,181,181,181,181,181,181,181,181,181,181,181,181,181,361,361,361,542,1083,1083,1083,1083,2166,2708,2708,4152,5415,7220,10650,10650,27978,40614,44043,50000,57942,60650,72202,81227,94404,112996,126354,142960,158845,172924,187906,210650,223827,244043,255957,261011,274007,291516,339711,347834,392780,416606,448917,470217,499819,524368,
Country-Germany,Population Normalized: Confirmed,0,0,0,0,0,12,48,48,48,60,95,119,143,143,143,143,155,155,167,167,191,191,191,191,191,191,191,191,191,191,191,191,191,191,203,322,549,573,943,1552,1898,2339,3127,5753,7997,9536,12413,14036,17390,22773,24802,43863,54724,69166,86795,110487,147128,182851,236895,265122,296871,346797,393703,445467,524420,607169,688616,741132,798303,857062,929438,1012056,1088025,1146902,1195014,1233816,1285008,1352240,1410545,1458167,1490835,
Country-Iceland,Population Normalized: Confirmed,0,0,0,0,0,0,0,0,0,0,0,0,0,0,0,0,0,0,0,0,0,0,0,0,0,0,0,0,0,0,0,0,0,0,0,0,0,2930,2930,8791,17583,32235,76192,99636,126010,146523,146523,169967,202202,249089,301838,392682,457152,501109,527483,644702,732616,967053,1198559,1386109,1664503,1723112,1898940,2159751,2350231,2608112,2822036,2989072,3182483,3326076,3575165,3865281,3997152,4152466,4354668,4577383,4647714,4735628,4829403,4908526,4949552,
Country-Italy,Population Normalized: Confirmed,0,0,0,0,0,0,0,0,0,33,33,33,33,33,33,33,50,50,50,50,50,50,50,50,50,50,50,50,50,50,332,1028,2570,3797,5338,7510,10859,14722,18701,28085,33755,41480,51212,63961,76860,97534,122270,152062,168259,206607,206607,292784,350760,410279,463878,522336,592083,680316,779558,888266,980444,1059841,1146864,1233240,1336079,1434044,1533086,1619578,1686723,1753918,1833198,1910588,1986603,2066264,2137819,2197487,2247870,2311467,2381165,2446668,2524489,
Country-Norway,Population Normalized: Confirmed,0,0,0,0,0,0,0,0,0,0,0,0,0,0,0,0,0,0,0,0,0,0,0,0,0,0,0,0,0,0,0,0,0,0,0,185,185,1110,2775,3515,4625,5920,10360,16095,19980,27195,32560,37925,74001,110631,129871,184262,201652,225888,246608,270658,286753,323014,354094,391834,441230,484890,529661,570546,623272,694683,742783,792549,822334,858595,899665,952206,993461,1026761,1052107,1085037,1125923,1125923,1149048,1168103,1185678,
Country-Poland,Population Normalized: Confirmed,0,0,0,0,0,0,0,0,0,0,0,0,0,0,0,0,0,0,0,0,0,0,0,0,0,0,0,0,0,0,0,0,0,0,0,0,0,0,0,0,0,0,26,26,130,130,287,417,573,808,1277,1771,2683,3100,4611,6200,6539,9248,11072,13963,16516,19512,23472,27380,31808,36185,42672,48507,53535,60204,66535,76747,88131,94488,106862,114964,126296,135596,145235,155135,165581,
Country-Spain,Population Normalized: Confirmed,0,0,0,0,0,0,0,0,0,0,21,21,21,21,21,21,21,21,43,43,43,43,43,43,43,43,43,43,43,43,43,43,43,43,128,278,321,685,963,1797,2568,3531,4750,5542,8559,10699,14401,22960,36270,48724,48724,111955,136756,166863,212740,251385,297648,384375,436736,542956,615582,751845,853465,1059529,1236513,1406264,1567093,1714205,1882095,2052574,2227931,2397982,2550637,2699760,2816979,2924591,3037295,3171632,3278666,3386748,3488474,
Country-Sweden,Population Normalized: Confirmed,0,0,0,0,0,0,0,0,0,99,99,99,99,99,99,99,99,99,99,99,99,99,99,99,99,99,99,99,99,99,99,99,99,99,99,198,692,692,1186,1383,1482,2075,3458,9289,9980,15909,20059,24506,35079,49407,59190,80435,94960,100988,108992,117589,126383,142194,161957,174209,191107,202174,225889,249605,280632,303261,340613,365613,398024,438241,488834,550198,605830,636660,674901,712055,760178,831917,903261,957016,1003063,
Country-Switzerland,Population Normalized: Confirmed,0,0,0,0,0,0,0,0,0,0,0,0,0,0,0,0,0,0,0,0,0,0,0,0,0,0,0,0,0,0,0,0,0,0,117,117,933,933,2100,3151,4901,6534,10502,13302,24971,31272,39323,43641,57293,76079,76079,132905,158576,256709,256709,315053,353326,475496,617736,767211,872112,1026254,1152509,1271529,1378180,1508518,1642474,1730338,1857876,1937573,2073279,2196849,2287748,2392649,2462077,2527071,2596616,2716453,2806418,2864761,2929638,
Country-US,Population Normalized: Confirmed,3,3,6,6,15,15,15,15,15,21,24,24,34,34,34,34,34,34,34,34,37,37,40,40,40,40,40,40,40,40,46,46,46,155,155,174,177,183,207,225,299,359,454,661,798,1225,1578,1776,2922,3903,5066,6638,8308,10660,14112,19562,23711,41881,58716,77992,101377,133582,163722,200396,255411,309704,370050,429287,493027,573276,650050,742635,839588,940938,1026909,1117071,1207115,1307131,1405794,1512722,1603695,
Country-United Kingdom,Population Normalized: Confirmed,0,0,0,0,0,0,0,0,0,30,30,30,30,30,30,30,44,44,44,118,118,133,133,133,133,133,133,133,133,133,133,133,133,192,192,192,221,295,339,531,590,753,1254,1697,2405,3040,4029,4737,5637,6729,6729,11776,16823,16823,22770,28776,38751,39681,58776,74050,83863,98133,119190,140617,172034,214608,252179,288082,326730,371133,434941,497569,563237,618353,705462,761568,815194,896223,960327,1088430,1165652,
Country-Denmark,Population Normalized: Death,0,0,0,0,0,0,0,0,0,0,0,0,0,0,0,0,0,0,0,0,0,0,0,0,0,0,0,0,0,0,0,0,0,0,0,0,0,0,0,0,0,0,0,0,0,0,0,0,0,0,0,0,173,345,518,691,691,1036,1554,2244,2244,4144,5525,5870,7078,8978,11222,12431,13294,15538,17955,21235,23998,27796,30904,32285,35047,37637,40917,42644,44888,
Country-Finland,Population Normalized: Death,0,0,0,0,0,0,0,0,0,0,0,0,0,0,0,0,0,0,0,0,0,0,0,0,0,0,0,0,0,0,0,0,0,0,0,0,0,0,0,0,0,0,0,0,0,0,0,0,0,0,0,0,0,0,0,0,0,0,0,181,181,181,181,542,903,1264,1625,1986,2347,3069,3069,3430,3610,4513,5054,4874,6137,7220,7581,8664,8845,
Country-Germany,Population Normalized: Death,0,0,0,0,0,0,0,0,0,0,0,0,0,0,0,0,0,0,0,0,0,0,0,0,0,0,0,0,0,0,0,0,0,0,0,0,0,0,0,0,0,0,0,0,0,0,0,24,24,36,36,84,107,131,203,286,334,525,800,1003,1122,1468,1874,2459,3187,4082,5168,6362,7698,9250,10981,13213,15218,17235,18906,21603,24062,28036,31116,33025,32655,
Country-Iceland,Population Normalized: Death,0,0,0,0,0,0,0,0,0,0,0,0,0,0,0,0,0,0,0,0,0,0,0,0,0,0,0,0,0,0,0,0,0,0,0,0,0,0,0,0,0,0,0,0,0,0,0,0,0,0,0,0,0,14652,0,2930,2930,2930,0,2930,2930,2930,5861,5861,5861,5861,5861,5861,5861,5861,5861,11722,11722,11722,11722,17583,17583,17583,17583,20513,23444,
Country-Italy,Population Normalized: Death,0,0,0,0,0,0,0,0,0,0,0,0,0,0,0,0,0,0,0,0,0,0,0,0,0,0,0,0,0,0,17,33,50,116,166,199,282,348,481,564,862,1310,1774,2454,3266,3863,6068,7676,10461,13711,13711,20989,23890,29991,35777,41497,49372,56451,66846,79993,90786,100750,113068,124392,136196,151432,166171,178704,192166,206043,218096,230696,243395,254685,263389,273934,283947,292933,303046,312496,322758,
Country-Norway,Population Normalized: Death,0,0,0,0,0,0,0,0,0,0,0,0,0,0,0,0,0,0,0,0,0,0,0,0,0,0,0,0,0,0,0,0,0,0,0,0,0,0,0,0,0,0,0,0,0,0,0,0,0,0,0,0,555,555,555,555,1110,1295,1295,1295,1295,1850,2220,2590,2590,3515,4255,4625,5920,7215,8140,9250,10915,11470,13135,14060,16465,18685,19980,20905,22015,
Country-Poland,Population Normalized: Death,0,0,0,0,0,0,0,0,0,0,0,0,0,0,0,0,0,0,0,0,0,0,0,0,0,0,0,0,0,0,0,0,0,0,0,0,0,0,0,0,0,0,0,0,0,0,0,0,0,0,26,52,78,78,104,130,130,130,130,130,182,208,261,365,417,417,469,573,808,860,1120,1485,1850,2058,2449,2787,3361,4142,4533,4715,5419,
Country-Spain,Population Normalized: Death,0,0,0,0,0,0,0,0,0,0,0,0,0,0,0,0,0,0,0,0,0,0,0,0,0,0,0,0,0,0,0,0,0,0,0,0,0,0,0,0,0,21,43,64,107,214,364,599,749,1155,1177,2846,4173,6184,7318,11405,13331,17760,22318,29422,37918,49451,60086,78039,93403,109944,128004,145572,165108,181114,200864,221428,239616,255644,270494,285473,300537,316521,330537,344103,355337,
Country-Sweden,Population Normalized: Death,0,0,0,0,0,0,0,0,0,0,0,0,0,0,0,0,0,0,0,0,0,0,0,0,0,0,0,0,0,0,0,0,0,0,0,0,0,0,0,0,0,0,0,0,0,0,0,0,0,99,99,99,198,296,593,692,988,1087,1581,1976,2075,2470,3557,6126,7609,10375,10375,10870,14427,17787,23617,30435,35375,36858,39625,47134,58399,67885,78360,85968,87648,
Country-Switzerland,Population Normalized: Death,0,0,0,0,0,0,0,0,0,0,0,0,0,0,0,0,0,0,0,0,0,0,0,0,0,0,0,0,0,0,0,0,0,0,0,0,0,0,0,0,0,0,0,117,117,117,233,233,350,467,467,1284,1517,1634,1634,3151,3267,4784,6301,8751,11435,14002,14236,17853,22287,26954,30805,35006,41890,50525,56943,62544,68961,77713,83431,89265,95799,104434,110618,116919,120887,
Country-US,Population Normalized: Death,0,0,0,0,0,0,0,0,0,0,0,0,0,0,0,0,0,0,0,0,0,0,0,0,0,0,0,0,0,0,0,0,0,0,0,0,0,0,3,3,18,21,34,37,43,52,64,67,85,110,122,143,165,192,259,329,359,609,743,935,1270,1697,2151,2870,3683,4817,6172,7516,9073,11799,14492,18054,21591,25612,29305,32851,38758,44769,50201,56623,62342,
Country-United Kingdom,Population Normalized: Death,0,0,0,0,0,0,0,0,0,0,0,0,0,0,0,0,0,0,0,0,0,0,0,0,0,0,0,0,0,0,0,0,0,0,0,0,0,0,0,0,0,0,0,15,30,30,44,59,89,118,118,118,310,310,812,812,1048,2022,2612,3438,4147,4944,6227,6862,8529,11200,15037,18121,20778,26400,34708,43105,53198,63646,72810,79288,90887,104729,117730,132191,145723,
Country-Denmark,Population Normalized: Recovered,0,0,0,0,0,0,0,0,0,0,0,0,0,0,0,0,0,0,0,0,0,0,0,0,0,0,0,0,0,0,0,0,0,0,0,0,0,0,0,0,0,0,0,0,173,173,173,173,173,173,173,173,173,173,173,173,173,173,173,173,173,173,173,173,173,173,173,173,173,173,154345,188011,205967,221505,229101,237906,257415,279859,299713,306101,337523,
Country-Finland,Population Normalized: Recovered,0,0,0,0,0,0,0,0,0,0,0,0,0,0,0,0,0,0,0,0,0,181,181,181,181,181,181,181,181,181,181,181,181,181,181,181,181,181,181,181,181,181,181,181,181,181,181,181,181,181,181,181,181,1805,1805,1805,1805,1805,1805,1805,1805,1805,1805,1805,1805,1805,1805,1805,1805,1805,1805,54152,54152,54152,54152,54152,54152,54152,54152,54152,54152,
Country-Germany,Population Normalized: Recovered,0,0,0,0,0,0,0,0,0,0,0,0,0,0,0,0,0,0,0,0,0,0,12,12,12,12,12,143,143,143,167,167,167,167,167,179,191,191,191,191,191,191,191,191,203,215,215,215,215,298,298,549,549,549,800,800,1253,1349,2148,2781,3175,3175,38707,42335,67710,79466,101225,109938,161129,192161,223193,267832,293314,315096,342548,342548,430643,552612,625502,643477,685095,
Country-Iceland,Population Normalized: Recovered,0,0,0,0,0,0,0,0,0,0,0,0,0,0,0,0,0,0,0,0,0,0,0,0,0,0,0,0,0,0,0,0,0,0,0,0,0,0,0,0,0,0,0,0,0,0,0,0,2930,2930,2930,2930,2930,23444,0,0,14652,14652,14652,64470,105497,105497,149454,164106,240298,284255,334073,395613,460083,580232,659354,832252,905513,1160463,1254238,1348013,1638129,1854983,2016159,2200778,2464519,
Country-Italy,Population Normalized: Recovered,0,0,0,0,0,0,0,0,0,0,0,0,0,0,0,0,0,0,0,0,0,0,0,0,0,0,0,0,0,0,0,17,33,17,17,50,746,763,763,1376,2470,2653,4576,6864,8671,9765,10312,12003,12003,17325,17325,23857,32594,38712,45575,48759,66730,73610,73610,100667,116450,116450,138036,155212,171774,181539,205313,216023,242384,260770,279305,303030,327566,348091,361669,378613,404393,439192,472002,504911,539379,
Country-Norway,Population Normalized: Recovered,0,0,0,0,0,0,0,0,0,0,0,0,0,0,0,0,0,0,0,0,0,0,0,0,0,0,0,0,0,0,0,0,0,0,0,0,0,0,0,0,0,0,0,0,0,0,0,185,185,185,185,185,185,185,185,185,185,185,185,185,185,185,1110,1110,1110,1110,1295,1295,2220,2405,2405,5920,5920,5920,5920,5920,5920,5920,5920,5920,5920,
Country-Poland,Population Normalized: Recovered,0,0,0,0,0,0,0,0,0,0,0,0,0,0,0,0,0,0,0,0,0,0,0,0,0,0,0,0,0,0,0,0,0,0,0,0,0,0,0,0,0,0,0,0,0,0,0,0,0,0,0,0,0,0,339,339,339,26,26,26,26,26,26,182,182,182,182,182,182,182,1224,1459,1459,3022,3491,4220,4976,5783,7399,8284,9769,
Country-Spain,Population Normalized: Recovered,0,0,0,0,0,0,0,0,0,0,0,0,0,0,0,0,0,0,0,0,0,0,0,0,43,43,43,43,43,43,43,43,43,43,43,43,43,43,43,43,43,43,43,43,43,642,642,685,685,3916,3916,4130,11063,11063,11341,21997,23131,23688,33980,45471,55100,55100,81185,114844,150108,200222,262876,314745,359061,412107,484604,572250,652921,732223,814841,865277,924571,1027560,1116234,1191192,1264823,
Country-Sweden,Population Normalized: Recovered,0,0,0,0,0,0,0,0,0,0,0,0,0,0,0,0,0,0,0,0,0,0,0,0,0,0,0,0,0,0,0,0,0,0,0,0,0,0,0,0,0,0,0,0,0,0,0,99,99,99,99,99,99,99,99,99,99,1581,1581,1581,1581,1581,1581,1581,1581,1581,1581,1581,1581,1581,10178,10178,20257,20257,20257,20257,20257,20257,20257,37648,37648,
Country-Switzerland,Population Normalized: Recovered,0,0,0,0,0,0,0,0,0,0,0,0,0,0,0,0,0,0,0,0,0,0,0,0,0,0,0,0,0,0,0,0,0,0,0,0,0,0,0,0,0,233,350,350,350,350,350,350,350,467,467,467,467,467,467,467,1750,1750,1750,1750,15286,15286,15286,15286,15286,178530,178530,186114,212719,212719,346208,468261,565461,748541,748541,940023,1015636,1143524,1236873,1295216,1411902,
Country-US,Population Normalized: Recovered,0,0,0,0,0,0,0,0,0,0,0,0,0,0,0,0,0,0,9,9,9,9,9,9,9,9,9,9,9,9,15,15,15,15,18,18,18,21,21,21,21,21,21,21,21,21,21,21,24,24,37,37,37,37,52,52,320,369,448,536,542,542,1060,1100,2075,2647,3266,8119,17195,21399,25817,27422,29573,44638,53156,59655,66302,71774,77413,87710,95266,
Country-United Kingdom,Population Normalized: Recovered,0,0,0,0,0,0,0,0,0,0,0,0,0,0,0,0,0,0,0,0,0,15,15,15,15,118,118,118,118,118,118,118,118,118,118,118,118,118,118,118,118,118,118,118,118,266,266,266,266,266,266,266,266,266,295,767,959,959,959,959,959,959,1992,1992,1992,1992,1992,1992,1992,1992,1992,1992,1992,1992,1992,1992,1992,1992,1992,5076,5076,
Country-Denmark,Ratio: Confirmed/Recovered,0,0,0,0,0,0,0,0,0,0,0,0,0,0,0,0,0,0,0,0,0,0,0,0,0,0,0,0,0,0,0,0,0,0,0,0,0,0,0,0,0,0,0,0,23000,23000,35000,90000,262000,442000,615000,801000,827000,864000,914000,977000,1057000,1151000,1255000,1326000,1395000,1450000,1591000,1724000,1877000,2046000,2201000,2395000,2577000,2860000,3475,3109,3149,3178,3292,3397,3401,3333,3246,3282,3067,
Country-Finland,Ratio: Confirmed/Recovered,0,0,0,0,0,0,0,0,0,0,0,0,0,0,0,0,0,0,0,0,0,1000,1000,1000,1000,1000,1000,1000,1000,1000,1000,1000,1000,1000,1000,2000,2000,2000,3000,6000,6000,6000,6000,12000,15000,15000,23000,30000,40000,59000,59000,155000,225000,24400,27700,32100,33600,40000,45000,52300,62600,70000,79200,88000,95800,104100,116700,124000,135200,141800,144600,5060,5383,6273,6423,7253,7693,8290,8683,9230,9683,
Country-Germany,Ratio: Confirmed/Recovered,0,0,0,0,0,0,0,0,0,0,0,0,0,0,0,0,0,0,0,0,0,0,16000,16000,16000,16000,16000,1333,1333,1333,1143,1143,1143,1143,1214,1800,2875,3000,4938,8125,9938,12250,16375,30125,39412,44389,57778,65333,80944,76320,83120,79891,99674,125978,108537,138164,117400,135575,110267,95335,93508,109233,10171,10522,7745,7641,6803,6741,4954,4460,4164,3779,3709,3640,3489,3602,2984,2447,2255,2266,2176,
Country-Iceland,Ratio: Confirmed/Recovered,0,0,0,0,0,0,0,0,0,0,0,0,0,0,0,0,0,0,0,0,0,0,0,0,0,0,0,0,0,0,0,0,0,0,0,0,0,0,0,0,0,0,0,0,0,0,0,0,69000,85000,103000,134000,156000,21375,0,0,50000,66000,81800,21500,15778,16333,12706,13161,9780,9175,8447,7556,6917,5732,5422,4644,4414,3578,3472,3396,2837,2553,2395,2230,2008,
Country-Italy,Ratio: Confirmed/Recovered,0,0,0,0,0,0,0,0,0,0,0,0,0,0,0,0,0,0,0,0,0,0,0,0,0,0,0,0,0,0,0,62000,77500,229000,322000,151000,14556,19304,24522,20410,13664,15638,11192,9319,8864,9988,11857,12669,14018,11925,11925,12272,10761,10598,10178,10713,8873,9242,10590,8824,8419,9101,8308,7946,7778,7899,7467,7497,6959,6726,6563,6305,6065,5936,5911,5804,5559,5263,5045,4846,4680,
Country-Norway,Ratio: Confirmed/Recovered,0,0,0,0,0,0,0,0,0,0,0,0,0,0,0,0,0,0,0,0,0,0,0,0,0,0,0,0,0,0,0,0,0,0,0,0,0,0,0,0,0,0,0,0,0,0,0,205000,400000,598000,702000,996000,1090000,1221000,1333000,1463000,1550000,1746000,1914000,2118000,2385000,2621000,477167,514000,561500,625833,573571,612000,370417,357000,374077,160844,167813,173438,177719,183281,190188,190188,194094,197313,200281,
Country-Poland,Ratio: Confirmed/Recovered,0,0,0,0,0,0,0,0,0,0,0,0,0,0,0,0,0,0,0,0,0,0,0,0,0,0,0,0,0,0,0,0,0,0,0,0,0,0,0,0,0,0,0,0,0,0,0,0,0,0,0,0,0,0,13615,18308,19308,355000,425000,536000,634000,749000,901000,150143,174429,198429,234000,266000,293571,330143,54340,52607,60411,31267,30612,27241,25382,23446,19630,18726,16949,
Country-Spain,Ratio: Confirmed/Recovered,0,0,0,0,0,0,0,0,0,0,0,0,0,0,0,0,0,0,0,0,0,0,0,0,1000,1000,1000,1000,1000,1000,1000,1000,1000,1000,3000,6500,7500,16000,22500,42000,60000,82500,111000,129500,200000,16667,22433,33531,52969,12443,12443,27109,12362,15083,18758,11428,12868,16227,12853,11941,11172,13645,10513,9226,8237,7024,5961,5446,5242,4981,4597,4190,3906,3687,3457,3380,3285,3087,2937,2843,2758,
Country-Sweden,Ratio: Confirmed/Recovered,0,0,0,0,0,0,0,0,0,0,0,0,0,0,0,0,0,0,0,0,0,0,0,0,0,0,0,0,0,0,0,0,0,0,0,0,0,0,0,0,0,0,0,0,0,0,0,248000,355000,500000,599000,814000,961000,1022000,1103000,1190000,1279000,89938,102438,110188,120875,127875,142875,157875,177500,191813,215438,231250,251750,277188,48029,54058,29907,31429,33317,35151,37527,41068,44590,25420,26643,
Country-Switzerland,Ratio: Confirmed/Recovered,0,0,0,0,0,0,0,0,0,0,0,0,0,0,0,0,0,0,0,0,0,0,0,0,0,0,0,0,0,0,0,0,0,0,0,0,0,0,0,0,0,28000,30000,38000,71333,89333,112333,124667,163667,163000,163000,284750,339750,550000,550000,675000,201867,271667,352933,438333,57053,67137,75397,83183,90160,8450,9200,9297,8734,9109,5989,4692,4046,3196,3289,2688,2557,2376,2269,2212,2075,
Country-US,Ratio: Confirmed/Recovered,0,0,0,0,0,0,0,0,0,0,0,0,0,0,0,0,0,0,3667,3667,4000,4000,4333,4333,4333,4333,4333,4333,4333,4333,3000,3000,3000,10200,8500,9500,9667,8571,9714,10571,14000,16857,21286,31000,37429,57429,74000,83286,119875,160125,138583,181583,227250,291583,272471,377706,74124,113612,131109,145455,186944,246331,154425,182211,123107,116982,113307,52874,28673,26790,25180,27082,28390,21079,19319,18726,18206,18212,18160,17247,16834,
Country-United Kingdom,Ratio: Confirmed/Recovered,0,0,0,0,0,0,0,0,0,0,0,0,0,0,0,0,0,0,0,0,0,9000,9000,9000,9000,1125,1125,1125,1125,1125,1125,1125,1125,1625,1625,1625,1875,2500,2875,4500,5000,6375,10625,14375,20375,11444,15167,17833,21222,25333,25333,44333,63333,63333,77150,37500,40400,41369,61277,77200,87431,102308,59830,70585,86356,107726,126585,144607,164007,186296,218326,249763,282726,310393,354119,382281,409200,449874,482052,214413,229625,
Country-Denmark,Ratio: Death/Confirmed,0,0,0,0,0,0,0,0,0,0,0,0,0,0,0,0,0,0,0,0,0,0,0,0,0,0,0,0,0,0,0,0,0,0,0,0,0,0,0,0,0,0,0,0,0,0,0,0,0,0,0,0,1,2,3,4,4,5,7,10,9,17,20,20,22,25,30,30,30,31,33,36,37,39,41,40,40,40,42,42,43,
Country-Finland,Ratio: Death/Confirmed,0,0,0,0,0,0,0,0,0,0,0,0,0,0,0,0,0,0,0,0,0,0,0,0,0,0,0,0,0,0,0,0,0,0,0,0,0,0,0,0,0,0,0,0,0,0,0,0,0,0,0,0,0,0,0,0,0,0,0,2,2,1,1,3,5,7,8,9,10,12,12,13,12,13,15,12,15,16,16,17,17,
Country-Germany,Ratio: Death/Confirmed,0,0,0,0,0,0,0,0,0,0,0,0,0,0,0,0,0,0,0,0,0,0,0,0,0,0,0,0,0,0,0,0,0,0,0,0,0,0,0,0,0,0,0,0,0,0,0,2,1,2,1,2,2,2,2,3,2,3,3,4,4,4,5,6,6,7,8,9,10,11,12,13,14,15,16,18,19,21,22,23,22,
Country-Iceland,Ratio: Death/Confirmed,0,0,0,0,0,0,0,0,0,0,0,0,0,0,0,0,0,0,0,0,0,0,0,0,0,0,0,0,0,0,0,0,0,0,0,0,0,0,0,0,0,0,0,0,0,0,0,0,0,0,0,0,0,29,0,5,4,3,0,2,2,2,3,3,2,2,2,2,2,2,2,3,3,3,3,4,4,4,4,4,5,
Country-Italy,Ratio: Death/Confirmed,0,0,0,0,0,0,0,0,0,0,0,0,0,0,0,0,0,0,0,0,0,0,0,0,0,0,0,0,0,0,50,32,19,31,31,26,26,24,26,20,26,32,35,38,42,40,50,50,62,66,66,72,68,73,77,79,83,83,86,90,93,95,99,101,102,106,108,110,114,117,119,121,123,123,123,125,126,127,127,128,128,
Country-Norway,Ratio: Death/Confirmed,0,0,0,0,0,0,0,0,0,0,0,0,0,0,0,0,0,0,0,0,0,0,0,0,0,0,0,0,0,0,0,0,0,0,0,0,0,0,0,0,0,0,0,0,0,0,0,0,0,0,0,0,3,2,2,2,4,4,4,3,3,4,4,5,4,5,6,6,7,8,9,10,11,11,12,13,15,17,17,18,19,
Country-Poland,Ratio: Death/Confirmed,0,0,0,0,0,0,0,0,0,0,0,0,0,0,0,0,0,0,0,0,0,0,0,0,0,0,0,0,0,0,0,0,0,0,0,0,0,0,0,0,0,0,0,0,0,0,0,0,0,0,20,29,29,25,23,21,20,14,12,9,11,11,11,13,13,12,11,12,15,14,17,19,21,22,23,24,27,31,31,30,33,
Country-Spain,Ratio: Death/Confirmed,0,0,0,0,0,0,0,0,0,0,0,0,0,0,0,0,0,0,0,0,0,0,0,0,0,0,0,0,0,0,0,0,0,0,0,0,0,0,0,0,0,6,9,12,13,20,25,26,21,24,24,25,31,37,34,45,45,46,51,54,62,66,70,74,76,78,82,85,88,88,90,92,94,95,96,98,99,100,101,102,102,
Country-Sweden,Ratio: Death/Confirmed,0,0,0,0,0,0,0,0,0,0,0,0,0,0,0,0,0,0,0,0,0,0,0,0,0,0,0,0,0,0,0,0,0,0,0,0,0,0,0,0,0,0,0,0,0,0,0,0,0,2,2,1,2,3,5,6,8,8,10,11,11,12,16,25,27,34,30,30,36,41,48,55,58,58,59,66,77,82,87,90,87,
Country-Switzerland,Ratio: Death/Confirmed,0,0,0,0,0,0,0,0,0,0,0,0,0,0,0,0,0,0,0,0,0,0,0,0,0,0,0,0,0,0,0,0,0,0,0,0,0,0,0,0,0,0,0,9,5,4,6,5,6,6,6,10,10,6,6,10,9,10,10,11,13,14,12,14,16,18,19,20,23,26,27,28,30,32,34,35,37,38,39,41,41,
Country-US,Ratio: Death/Confirmed,0,0,0,0,0,0,0,0,0,0,0,0,0,0,0,0,0,0,0,0,0,0,0,0,0,0,0,0,0,0,0,0,0,0,0,0,0,0,15,14,61,59,74,55,53,42,41,38,29,28,24,22,20,18,18,17,15,15,13,12,13,13,13,14,14,16,17,18,18,21,22,24,26,27,29,29,32,34,36,37,39,
Country-United Kingdom,Ratio: Death/Confirmed,0,0,0,0,0,0,0,0,0,0,0,0,0,0,0,0,0,0,0,0,0,0,0,0,0,0,0,0,0,0,0,0,0,0,0,0,0,0,0,0,0,0,0,9,12,10,11,12,16,18,18,10,18,18,36,28,27,51,44,46,49,50,52,49,50,52,60,63,64,71,80,87,94,103,103,104,111,117,123,121,125,
Country-Denmark,Ratio: Death/Recovered,0,0,0,0,0,0,0,0,0,0,0,0,0,0,0,0,0,0,0,0,0,0,0,0,0,0,0,0,0,0,0,0,0,0,0,0,0,0,0,0,0,0,0,0,0,0,0,0,0,0,0,0,1000,2000,3000,4000,4000,6000,9000,13000,13000,24000,32000,34000,41000,52000,65000,72000,77000,90000,116,113,117,125,135,136,136,134,137,139,133,
Country-Finland,Ratio: Death/Recovered,0,0,0,0,0,0,0,0,0,0,0,0,0,0,0,0,0,0,0,0,0,0,0,0,0,0,0,0,0,0,0,0,0,0,0,0,0,0,0,0,0,0,0,0,0,0,0,0,0,0,0,0,0,0,0,0,0,0,0,100,100,100,100,300,500,700,900,1100,1300,1700,1700,63,67,83,93,90,113,133,140,160,163,
Country-Germany,Ratio: Death/Recovered,0,0,0,0,0,0,0,0,0,0,0,0,0,0,0,0,0,0,0,0,0,0,0,0,0,0,0,0,0,0,0,0,0,0,0,0,0,0,0,0,0,0,0,0,0,0,0,111,111,120,120,152,196,239,254,358,267,389,372,361,353,462,48,58,47,51,51,58,48,48,49,49,52,55,55,63,56,51,50,51,48,
Country-Iceland,Ratio: Death/Recovered,0,0,0,0,0,0,0,0,0,0,0,0,0,0,0,0,0,0,0,0,0,0,0,0,0,0,0,0,0,0,0,0,0,0,0,0,0,0,0,0,0,0,0,0,0,0,0,0,0,0,0,0,0,625,0,0,200,200,0,45,28,28,39,36,24,21,18,15,13,10,9,14,13,10,9,13,11,9,9,9,10,
Country-Italy,Ratio: Death/Recovered,0,0,0,0,0,0,0,0,0,0,0,0,0,0,0,0,0,0,0,0,0,0,0,0,0,0,0,0,0,0,0,2000,1500,7000,10000,4000,378,457,630,410,349,494,388,357,377,396,588,640,872,791,791,880,733,775,785,851,740,767,908,795,780,865,819,801,793,834,809,827,793,790,781,761,743,732,728,724,702,667,642,619,598,
Country-Norway,Ratio: Death/Recovered,0,0,0,0,0,0,0,0,0,0,0,0,0,0,0,0,0,0,0,0,0,0,0,0,0,0,0,0,0,0,0,0,0,0,0,0,0,0,0,0,0,0,0,0,0,0,0,0,0,0,0,0,3000,3000,3000,3000,6000,7000,7000,7000,7000,10000,2000,2333,2333,3167,3286,3571,2667,3000,3385,1563,1844,1938,2219,2375,2781,3156,3375,3531,3719,
Country-Poland,Ratio: Death/Recovered,0,0,0,0,0,0,0,0,0,0,0,0,0,0,0,0,0,0,0,0,0,0,0,0,0,0,0,0,0,0,0,0,0,0,0,0,0,0,0,0,0,0,0,0,0,0,0,0,0,0,0,0,0,0,308,385,385,5000,5000,5000,7000,8000,10000,2000,2286,2286,2571,3143,4429,4714,915,1018,1268,681,701,660,675,716,613,569,555,
Country-Spain,Ratio: Death/Recovered,0,0,0,0,0,0,0,0,0,0,0,0,0,0,0,0,0,0,0,0,0,0,0,0,0,0,0,0,0,0,0,0,0,0,0,0,0,0,0,0,0,500,1000,1500,2500,333,567,875,1094,295,301,689,377,559,645,518,576,750,657,647,688,897,740,680,622,549,487,463,460,439,414,387,367,349,332,330,325,308,296,289,281,
Country-Sweden,Ratio: Death/Recovered,0,0,0,0,0,0,0,0,0,0,0,0,0,0,0,0,0,0,0,0,0,0,0,0,0,0,0,0,0,0,0,0,0,0,0,0,0,0,0,0,0,0,0,0,0,0,0,0,0,1000,1000,1000,2000,3000,6000,7000,10000,688,1000,1250,1313,1563,2250,3875,4813,6563,6563,6875,9125,11250,2320,2990,1746,1820,1956,2327,2883,3351,3868,2283,2328,
Country-Switzerland,Ratio: Death/Recovered,0,0,0,0,0,0,0,0,0,0,0,0,0,0,0,0,0,0,0,0,0,0,0,0,0,0,0,0,0,0,0,0,0,0,0,0,0,0,0,0,0,0,0,333,333,333,667,667,1000,1000,1000,2750,3250,3500,3500,6750,1867,2733,3600,5000,748,916,931,1168,1458,151,173,188,197,238,164,134,122,104,111,95,94,91,89,90,86,
Country-US,Ratio: Death/Recovered,0,0,0,0,0,0,0,0,0,0,0,0,0,0,0,0,0,0,0,0,0,0,0,0,0,0,0,0,0,0,0,0,0,0,0,0,0,0,143,143,857,1000,1571,1714,2000,2429,3000,3143,3500,4500,3333,3917,4500,5250,5000,6353,1124,1653,1660,1744,2343,3129,2029,2609,1775,1819,1890,926,528,551,561,658,730,574,551,551,585,624,648,646,654,
Country-United Kingdom,Ratio: Death/Recovered,0,0,0,0,0,0,0,0,0,0,0,0,0,0,0,0,0,0,0,0,0,0,0,0,0,0,0,0,0,0,0,0,0,0,0,0,0,0,0,0,0,0,0,125,250,111,167,222,333,444,444,444,1167,1167,2750,1058,1092,2108,2723,3585,4323,5154,3126,3444,4281,5622,7548,9096,10430,13252,17422,21637,26704,31948,36548,39800,45622,52570,59096,26041,28706,
Country-Denmark,time_series_covid19_deaths_global,0,0,0,0,0,0,0,0,0,0,0,0,0,0,0,0,0,0,0,0,0,0,0,0,0,0,0,0,0,0,0,0,0,0,0,0,0,0,0,0,0,0,0,0,0,0,0,0,0,0,0,0,1,2,3,4,4,6,9,13,13,24,32,34,41,52,65,72,77,90,104,123,139,161,179,187,203,218,237,247,260,
Country-Finland,time_series_covid19_deaths_global,0,0,0,0,0,0,0,0,0,0,0,0,0,0,0,0,0,0,0,0,0,0,0,0,0,0,0,0,0,0,0,0,0,0,0,0,0,0,0,0,0,0,0,0,0,0,0,0,0,0,0,0,0,0,0,0,0,0,0,1,1,1,1,3,5,7,9,11,13,17,17,19,20,25,28,27,34,40,42,48,49,
Country-Germany,time_series_covid19_deaths_global,0,0,0,0,0,0,0,0,0,0,0,0,0,0,0,0,0,0,0,0,0,0,0,0,0,0,0,0,0,0,0,0,0,0,0,0,0,0,0,0,0,0,0,0,0,0,0,2,2,3,3,7,9,11,17,24,28,44,67,84,94,123,157,206,267,342,433,533,645,775,920,1107,1275,1444,1584,1810,2016,2349,2607,2767,2736,
Country-Iceland,time_series_covid19_deaths_global,0,0,0,0,0,0,0,0,0,0,0,0,0,0,0,0,0,0,0,0,0,0,0,0,0,0,0,0,0,0,0,0,0,0,0,0,0,0,0,0,0,0,0,0,0,0,0,0,0,0,0,0,0,5,0,1,1,1,0,1,1,1,2,2,2,2,2,2,2,2,2,4,4,4,4,6,6,6,6,7,8,
Country-Italy,time_series_covid19_deaths_global,0,0,0,0,0,0,0,0,0,0,0,0,0,0,0,0,0,0,0,0,0,0,0,0,0,0,0,0,0,0,1,2,3,7,10,12,17,21,29,34,52,79,107,148,197,233,366,463,631,827,827,1266,1441,1809,2158,2503,2978,3405,4032,4825,5476,6077,6820,7503,8215,9134,10023,10779,11591,12428,13155,13915,14681,15362,15887,16523,17127,17669,18279,18849,19468,
Country-Norway,time_series_covid19_deaths_global,0,0,0,0,0,0,0,0,0,0,0,0,0,0,0,0,0,0,0,0,0,0,0,0,0,0,0,0,0,0,0,0,0,0,0,0,0,0,0,0,0,0,0,0,0,0,0,0,0,0,0,0,3,3,3,3,6,7,7,7,7,10,12,14,14,19,23,25,32,39,44,50,59,62,71,76,89,101,108,113,119,
Country-Poland,time_series_covid19_deaths_global,0,0,0,0,0,0,0,0,0,0,0,0,0,0,0,0,0,0,0,0,0,0,0,0,0,0,0,0,0,0,0,0,0,0,0,0,0,0,0,0,0,0,0,0,0,0,0,0,0,0,1,2,3,3,4,5,5,5,5,5,7,8,10,14,16,16,18,22,31,33,43,57,71,79,94,107,129,159,174,181,208,
Country-Spain,time_series_covid19_deaths_global,0,0,0,0,0,0,0,0,0,0,0,0,0,0,0,0,0,0,0,0,0,0,0,0,0,0,0,0,0,0,0,0,0,0,0,0,0,0,0,0,0,1,2,3,5,10,17,28,35,54,55,133,195,289,342,533,623,830,1043,1375,1772,2311,2808,3647,4365,5138,5982,6803,7716,8464,9387,10348,11198,11947,12641,13341,14045,14792,15447,16081,16606,
Country-Sweden,time_series_covid19_deaths_global,0,0,0,0,0,0,0,0,0,0,0,0,0,0,0,0,0,0,0,0,0,0,0,0,0,0,0,0,0,0,0,0,0,0,0,0,0,0,0,0,0,0,0,0,0,0,0,0,0,1,1,1,2,3,6,7,10,11,16,20,21,25,36,62,77,105,105,110,146,180,239,308,358,373,401,477,591,687,793,870,887,
Country-Switzerland,time_series_covid19_deaths_global,0,0,0,0,0,0,0,0,0,0,0,0,0,0,0,0,0,0,0,0,0,0,0,0,0,0,0,0,0,0,0,0,0,0,0,0,0,0,0,0,0,0,0,1,1,1,2,2,3,4,4,11,13,14,14,27,28,41,54,75,98,120,122,153,191,231,264,300,359,433,488,536,591,666,715,765,821,895,948,1002,1036,
Country-US,time_series_covid19_deaths_global,0,0,0,0,0,0,0,0,0,0,0,0,0,0,0,0,0,0,0,0,0,0,0,0,0,0,0,0,0,0,0,0,0,0,0,0,0,0,1,1,6,7,11,12,14,17,21,22,28,36,40,47,54,63,85,108,118,200,244,307,417,557,706,942,1209,1581,2026,2467,2978,3873,4757,5926,7087,8407,9619,10783,12722,14695,16478,18586,20463,
Country-United Kingdom,time_series_covid19_deaths_global,0,0,0,0,0,0,0,0,0,0,0,0,0,0,0,0,0,0,0,0,0,0,0,0,0,0,0,0,0,0,0,0,0,0,0,0,0,0,0,0,0,0,0,1,2,2,3,4,6,8,8,8,21,21,55,55,71,137,177,233,281,335,422,465,578,759,1019,1228,1408,1789,2352,2921,3605,4313,4934,5373,6159,7097,7978,8958,9875,
Country-Denmark,time_series_covid19_recovered_global,0,0,0,0,0,0,0,0,0,0,0,0,0,0,0,0,0,0,0,0,0,0,0,0,0,0,0,0,0,0,0,0,0,0,0,0,0,0,0,0,0,0,0,0,1,1,1,1,1,1,1,1,1,1,1,1,1,1,1,1,1,1,1,1,1,1,1,1,1,1,894,1089,1193,1283,1327,1378,1491,1621,1736,1773,1955,
Country-Finland,time_series_covid19_recovered_global,0,0,0,0,0,0,0,0,0,0,0,0,0,0,0,0,0,0,0,0,0,1,1,1,1,1,1,1,1,1,1,1,1,1,1,1,1,1,1,1,1,1,1,1,1,1,1,1,1,1,1,1,1,10,10,10,10,10,10,10,10,10,10,10,10,10,10,10,10,10,10,300,300,300,300,300,300,300,300,300,300,
Country-Germany,time_series_covid19_recovered_global,0,0,0,0,0,0,0,0,0,0,0,0,0,0,0,0,0,0,0,0,0,0,1,1,1,1,1,12,12,12,14,14,14,14,14,15,16,16,16,16,16,16,16,16,17,18,18,18,18,25,25,46,46,46,67,67,105,113,180,233,266,266,3243,3547,5673,6658,8481,9211,13500,16100,18700,22440,24575,26400,28700,28700,36081,46300,52407,53913,57400,
Country-Iceland,time_series_covid19_recovered_global,0,0,0,0,0,0,0,0,0,0,0,0,0,0,0,0,0,0,0,0,0,0,0,0,0,0,0,0,0,0,0,0,0,0,0,0,0,0,0,0,0,0,0,0,0,0,0,0,1,1,1,1,1,8,0,0,5,5,5,22,36,36,51,56,82,97,114,135,157,198,225,284,309,396,428,460,559,633,688,751,841,
Country-Italy,time_series_covid19_recovered_global,0,0,0,0,0,0,0,0,0,0,0,0,0,0,0,0,0,0,0,0,0,0,0,0,0,0,0,0,0,0,0,1,2,1,1,3,45,46,46,83,149,160,276,414,523,589,622,724,724,1045,1045,1439,1966,2335,2749,2941,4025,4440,4440,6072,7024,7024,8326,9362,10361,10950,12384,13030,14620,15729,16847,18278,19758,20996,21815,22837,24392,26491,28470,30455,32534,
Country-Norway,time_series_covid19_recovered_global,0,0,0,0,0,0,0,0,0,0,0,0,0,0,0,0,0,0,0,0,0,0,0,0,0,0,0,0,0,0,0,0,0,0,0,0,0,0,0,0,0,0,0,0,0,0,0,1,1,1,1,1,1,1,1,1,1,1,1,1,1,1,6,6,6,6,7,7,12,13,13,32,32,32,32,32,32,32,32,32,32,
Country-Poland,time_series_covid19_recovered_global,0,0,0,0,0,0,0,0,0,0,0,0,0,0,0,0,0,0,0,0,0,0,0,0,0,0,0,0,0,0,0,0,0,0,0,0,0,0,0,0,0,0,0,0,0,0,0,0,0,0,0,0,0,0,13,13,13,1,1,1,1,1,1,7,7,7,7,7,7,7,47,56,56,116,134,162,191,222,284,318,375,
Country-Spain,time_series_covid19_recovered_global,0,0,0,0,0,0,0,0,0,0,0,0,0,0,0,0,0,0,0,0,0,0,0,0,2,2,2,2,2,2,2,2,2,2,2,2,2,2,2,2,2,2,2,2,2,30,30,32,32,183,183,193,517,517,530,1028,1081,1107,1588,2125,2575,2575,3794,5367,7015,9357,12285,14709,16780,19259,22647,26743,30513,34219,38080,40437,43208,48021,52165,55668,59109,
Country-Sweden,time_series_covid19_recovered_global,0,0,0,0,0,0,0,0,0,0,0,0,0,0,0,0,0,0,0,0,0,0,0,0,0,0,0,0,0,0,0,0,0,0,0,0,0,0,0,0,0,0,0,0,0,0,0,1,1,1,1,1,1,1,1,1,1,16,16,16,16,16,16,16,16,16,16,16,16,16,103,103,205,205,205,205,205,205,205,381,381,
Country-Switzerland,time_series_covid19_recovered_global,0,0,0,0,0,0,0,0,0,0,0,0,0,0,0,0,0,0,0,0,0,0,0,0,0,0,0,0,0,0,0,0,0,0,0,0,0,0,0,0,0,2,3,3,3,3,3,3,3,4,4,4,4,4,4,4,15,15,15,15,131,131,131,131,131,1530,1530,1595,1823,1823,2967,4013,4846,6415,6415,8056,8704,9800,10600,11100,12100,
Country-US,time_series_covid19_recovered_global,0,0,0,0,0,0,0,0,0,0,0,0,0,0,0,0,0,0,3,3,3,3,3,3,3,3,3,3,3,3,5,5,5,5,6,6,6,7,7,7,7,7,7,7,7,7,7,7,8,8,12,12,12,12,17,17,105,121,147,176,178,178,348,361,681,869,1072,2665,5644,7024,8474,9001,9707,14652,17448,19581,21763,23559,25410,28790,31270,
Country-United Kingdom,time_series_covid19_recovered_global,0,0,0,0,0,0,0,0,0,0,0,0,0,0,0,0,0,0,0,0,0,1,1,1,1,8,8,8,8,8,8,8,8,8,8,8,8,8,8,8,8,8,8,8,8,18,18,18,18,18,18,18,18,18,20,52,65,65,65,65,65,65,135,135,135,135,135,135,135,135,135,135,135,135,135,135,135,135,135,344,344,
