Admin2-Province_State,Indicator,20200122,20200123,20200124,20200125,20200126,20200127,20200128,20200129,20200130,20200131,20200201,20200202,20200203,20200204,20200205,20200206,20200207,20200208,20200209,20200210,20200211,20200212,20200213,20200214,20200215,20200216,20200217,20200218,20200219,20200220,20200221,20200222,20200223,20200224,20200225,20200226,20200227,20200228,20200229,20200301,20200302,20200303,20200304,20200305,20200306,20200307,20200308,20200309,20200310,20200311,20200312,20200313,20200314,20200315,20200316,20200317,20200318,20200319,20200320,20200321,20200322,20200323,20200324,20200325,20200326,20200327,20200328,20200329,20200330,20200331,20200401,20200402,20200403,20200404,20200405,20200406,20200407,20200408,20200409,20200410,20200411,20200412,20200413,20200414,20200415,20200416,20200417,20200418,20200419,20200420,20200421,20200422,20200423,20200424,20200425,20200426,20200427,20200428,20200429,20200430,20200501,20200502,20200503,20200504,20200505,20200506,20200507,20200508,20200509,20200510,20200511,20200512,20200513,20200514,20200515,20200516,20200517,20200518,20200519,20200520,20200521,20200522,20200523,20200524,20200525,20200526,20200527,20200528,20200529,20200530,20200531,20200601,20200602,20200603,20200604,20200605,20200606,20200607,20200608,20200609,20200610,20200611,20200612,20200613,20200614,20200615,20200616,20200617,20200618,20200619,20200620,20200621,20200622,20200623,20200624,20200625,20200626,20200627,20200628,20200629,20200630,20200701,20200702,20200703,20200704,
Albany-New York,time_series_covid19_confirmed_US,0,0,0,0,0,0,0,0,0,0,0,0,0,0,0,0,0,0,0,0,0,0,0,0,0,0,0,0,0,0,0,0,0,0,0,0,0,0,0,0,0,0,0,0,0,0,0,0,0,0,2,2,7,7,15,25,36,43,70,88,123,127,146,152,171,187,195,205,217,226,240,253,267,293,305,319,333,342,379,426,446,478,499,535,548,581,619,648,682,687,704,737,758,805,899,948,979,1009,1067,1165,1204,1238,1258,1287,1294,1321,1348,1384,1416,1432,1456,1479,1494,1509,1538,1572,1579,1610,1655,1682,1700,1756,1770,1782,1791,1793,1796,1814,1834,1843,1860,1882,1900,1920,1930,1941,1953,1961,1978,1983,1986,1996,2007,2016,2020,2022,2026,2029,2034,2049,2053,2054,2060,2062,2065,2076,2084,2091,2097,2099,2102,2112,2125,2130,2145,
Allegany-New York,time_series_covid19_confirmed_US,0,0,0,0,0,0,0,0,0,0,0,0,0,0,0,0,0,0,0,0,0,0,0,0,0,0,0,0,0,0,0,0,0,0,0,0,0,0,0,0,0,0,0,0,0,0,0,0,0,0,0,0,0,0,2,2,2,2,2,2,2,2,2,2,2,2,2,6,7,9,10,12,14,16,16,17,17,21,22,26,26,26,26,28,28,28,29,30,30,30,30,30,30,31,35,35,35,35,35,35,35,35,35,35,35,35,35,35,35,36,38,42,44,44,44,44,44,44,44,44,44,44,44,44,44,44,45,45,45,45,45,48,48,49,49,51,51,51,51,51,52,53,53,54,54,55,55,55,57,58,58,58,58,58,58,58,58,58,59,59,59,61,62,63,63,
Bronx-New York,time_series_covid19_confirmed_US,0,0,0,0,0,0,0,0,0,0,0,0,0,0,0,0,0,0,0,0,0,0,0,0,0,0,0,0,0,0,0,0,0,0,0,0,0,0,0,0,0,0,0,0,0,0,0,0,0,0,0,0,0,0,0,0,0,0,0,0,0,0,0,0,0,0,0,0,0,0,0,0,0,0,0,0,0,0,0,0,0,0,0,0,0,0,0,0,0,0,0,0,0,0,0,0,0,0,0,0,0,0,0,0,0,0,0,0,0,0,0,0,0,0,0,0,0,0,0,0,0,0,0,0,0,0,0,0,0,0,0,0,0,0,0,0,0,0,0,0,0,0,0,0,0,0,0,0,0,0,0,0,0,0,0,0,0,0,0,0,0,0,0,0,0,
Broome-New York,time_series_covid19_confirmed_US,0,0,0,0,0,0,0,0,0,0,0,0,0,0,0,0,0,0,0,0,0,0,0,0,0,0,0,0,0,0,0,0,0,0,0,0,0,0,0,0,0,0,0,0,0,0,0,0,0,0,0,1,1,1,1,1,1,1,1,2,3,3,9,11,16,18,23,29,35,38,42,46,56,65,71,76,86,93,105,112,117,126,133,146,153,167,178,186,192,199,205,219,224,232,251,257,261,266,273,284,299,305,327,334,338,345,360,364,372,373,378,379,382,383,390,413,414,423,429,436,451,468,485,501,519,522,528,545,557,561,566,574,578,589,593,605,613,620,624,627,630,641,644,647,651,655,656,657,657,663,665,668,670,671,671,680,697,701,703,710,716,722,729,736,752,
Cattaraugus-New York,time_series_covid19_confirmed_US,0,0,0,0,0,0,0,0,0,0,0,0,0,0,0,0,0,0,0,0,0,0,0,0,0,0,0,0,0,0,0,0,0,0,0,0,0,0,0,0,0,0,0,0,0,0,0,0,0,0,0,0,0,0,0,0,0,0,0,0,0,0,0,0,0,0,1,4,6,6,7,8,9,9,10,12,13,15,17,18,19,28,28,32,32,32,34,34,34,34,35,37,37,39,45,45,45,45,47,47,49,50,53,53,53,54,59,59,60,60,61,61,61,64,64,65,65,67,69,70,71,74,78,78,81,81,82,85,86,87,88,89,89,90,91,92,92,94,95,95,96,98,101,101,104,106,107,109,109,109,113,115,115,118,120,121,123,123,123,123,123,123,124,124,127,
Cayuga-New York,time_series_covid19_confirmed_US,0,0,0,0,0,0,0,0,0,0,0,0,0,0,0,0,0,0,0,0,0,0,0,0,0,0,0,0,0,0,0,0,0,0,0,0,0,0,0,0,0,0,0,0,0,0,0,0,0,0,0,0,0,0,0,0,0,0,0,0,0,0,2,2,2,2,2,2,3,4,4,4,6,7,8,11,14,14,16,27,28,31,31,33,36,36,36,36,36,36,36,36,37,39,47,47,48,48,48,48,51,51,51,51,51,51,52,52,53,58,60,60,60,60,61,63,63,65,68,68,72,73,76,77,77,78,80,84,89,90,91,92,93,96,96,98,100,101,101,102,102,102,103,103,106,106,106,106,106,107,108,108,108,108,109,109,109,111,113,114,115,119,119,120,120,
Chautauqua-New York,time_series_covid19_confirmed_US,0,0,0,0,0,0,0,0,0,0,0,0,0,0,0,0,0,0,0,0,0,0,0,0,0,0,0,0,0,0,0,0,0,0,0,0,0,0,0,0,0,0,0,0,0,0,0,0,0,0,0,0,0,0,0,0,0,0,0,0,0,0,2,2,2,2,5,7,7,7,8,8,9,10,18,18,18,18,22,22,22,23,23,23,24,24,25,25,25,25,25,36,26,27,27,29,30,30,31,33,35,35,36,37,37,38,40,40,40,41,41,42,43,44,45,48,48,49,49,50,58,63,72,75,75,77,78,81,82,83,84,85,86,89,95,97,99,101,101,103,105,106,106,106,107,107,108,108,110,112,115,116,116,116,118,121,122,123,123,123,127,127,127,129,131,
Chemung-New York,time_series_covid19_confirmed_US,0,0,0,0,0,0,0,0,0,0,0,0,0,0,0,0,0,0,0,0,0,0,0,0,0,0,0,0,0,0,0,0,0,0,0,0,0,0,0,0,0,0,0,0,0,0,0,0,0,0,0,0,0,0,0,0,0,0,0,0,0,2,3,3,7,11,12,15,15,20,22,22,35,36,38,47,49,55,59,59,60,60,60,64,69,70,71,72,73,73,75,75,76,79,103,106,108,113,119,122,123,124,125,126,126,128,129,130,131,131,131,131,132,132,133,134,134,134,134,134,134,135,136,136,136,136,136,136,137,137,137,137,137,137,137,137,137,137,137,138,138,138,138,138,138,138,138,138,138,139,139,139,139,139,139,139,139,139,140,140,141,144,144,145,146,
Chenango-New York,time_series_covid19_confirmed_US,0,0,0,0,0,0,0,0,0,0,0,0,0,0,0,0,0,0,0,0,0,0,0,0,0,0,0,0,0,0,0,0,0,0,0,0,0,0,0,0,0,0,0,0,0,0,0,0,0,0,0,0,0,0,0,0,1,1,1,2,2,2,3,3,3,4,8,15,17,19,26,28,32,39,43,46,51,53,55,60,61,63,65,68,71,73,76,77,78,78,79,79,82,84,91,93,95,95,96,98,99,99,99,100,100,102,105,105,109,109,111,112,112,112,113,115,117,118,118,118,118,118,118,118,119,123,125,126,130,132,133,133,133,133,133,133,133,134,135,135,137,137,138,138,138,138,139,139,139,139,139,139,140,141,142,144,145,146,146,146,146,146,148,148,149,
Clinton-New York,time_series_covid19_confirmed_US,0,0,0,0,0,0,0,0,0,0,0,0,0,0,0,0,0,0,0,0,0,0,0,0,0,0,0,0,0,0,0,0,0,0,0,0,0,0,0,0,0,0,0,0,0,0,0,0,0,0,0,0,0,0,0,1,1,1,3,4,4,4,6,10,11,11,12,13,17,21,25,25,30,31,33,36,37,39,40,43,43,43,44,45,45,46,47,48,49,51,56,56,52,53,54,57,59,59,59,59,61,62,66,68,69,69,69,74,76,76,76,77,78,81,85,91,92,94,94,94,94,94,95,95,95,95,95,95,95,95,95,96,97,97,97,97,97,97,97,97,97,98,98,98,98,98,99,99,99,99,100,100,100,100,100,101,101,101,101,101,101,101,101,101,101,
Columbia-New York,time_series_covid19_confirmed_US,0,0,0,0,0,0,0,0,0,0,0,0,0,0,0,0,0,0,0,0,0,0,0,0,0,0,0,0,0,0,0,0,0,0,0,0,0,0,0,0,0,0,0,0,0,0,0,0,0,0,0,0,0,0,0,0,0,0,3,7,17,17,18,19,24,27,30,30,36,36,41,45,51,57,69,70,72,76,83,84,87,87,93,93,100,100,101,105,107,111,120,120,123,129,140,143,146,154,165,170,202,205,209,213,229,291,302,304,304,312,314,314,318,327,333,338,340,346,350,350,355,356,359,365,372,373,380,380,382,383,387,389,391,399,400,411,412,414,414,414,420,424,428,431,436,439,442,442,443,446,451,451,452,454,454,455,460,461,463,463,464,466,472,474,474,
Cortland-New York,time_series_covid19_confirmed_US,0,0,0,0,0,0,0,0,0,0,0,0,0,0,0,0,0,0,0,0,0,0,0,0,0,0,0,0,0,0,0,0,0,0,0,0,0,0,0,0,0,0,0,0,0,0,0,0,0,0,0,0,0,0,0,0,0,0,0,0,2,2,2,3,3,4,7,8,10,10,10,11,14,14,14,14,16,16,16,17,17,21,21,22,23,24,25,25,25,25,25,25,25,25,28,28,28,28,28,28,28,28,28,28,28,28,29,29,29,29,29,30,31,33,33,34,34,35,36,36,36,37,38,39,39,39,39,39,39,41,41,41,41,41,41,41,41,41,42,42,42,42,42,42,42,42,42,42,44,44,44,44,44,44,44,44,44,44,46,47,47,47,47,48,50,
Delaware-New York,time_series_covid19_confirmed_US,0,0,0,0,0,0,0,0,0,0,0,0,0,0,0,0,0,0,0,0,0,0,0,0,0,0,0,0,0,0,0,0,0,0,0,0,0,0,0,0,0,0,0,0,0,0,0,0,0,0,1,1,1,1,1,1,1,1,1,1,1,1,3,5,7,8,8,8,11,16,20,22,24,26,27,29,36,37,37,39,39,39,42,45,46,47,48,49,49,49,62,62,50,51,58,58,58,59,60,61,61,61,61,62,62,62,63,63,63,64,65,65,66,67,67,68,69,69,69,69,71,72,74,77,77,77,78,78,79,79,79,81,82,82,82,84,85,85,85,86,87,88,88,88,88,88,88,89,89,89,90,90,90,91,91,91,91,91,91,91,91,91,91,91,91,
Dutchess-New York,time_series_covid19_confirmed_US,0,0,0,0,0,0,0,0,0,0,0,0,0,0,0,0,0,0,0,0,0,0,0,0,0,0,0,0,0,0,0,0,0,0,0,0,0,0,0,0,0,0,0,0,0,0,0,0,0,0,1,3,4,4,10,16,20,31,36,49,82,100,124,153,190,225,262,320,392,484,547,667,809,938,1077,1189,1249,1395,1493,1598,1744,1838,1881,1934,2048,2085,2142,2201,2240,2284,2331,2391,2460,2517,2660,2729,2793,2817,2881,2954,3002,3049,3086,3131,3151,3192,3233,3277,3319,3359,3378,3399,3429,3474,3498,3527,3543,3552,3710,3724,3745,3767,3793,3807,3825,3834,3847,3867,3887,3899,3909,3924,3936,3951,3962,3984,3995,4000,4006,4016,4022,4027,4035,4049,4056,4068,4075,4077,4088,4110,4127,4138,4145,4150,4158,4176,4179,4191,4198,4201,4207,4213,4225,4231,4238,
Erie-New York,time_series_covid19_confirmed_US,0,0,0,0,0,0,0,0,0,0,0,0,0,0,0,0,0,0,0,0,0,0,0,0,0,0,0,0,0,0,0,0,0,0,0,0,0,0,0,0,0,0,0,0,0,0,0,0,0,0,0,0,3,3,7,11,20,28,47,50,56,87,114,122,206,245,318,414,443,499,582,617,734,808,1059,1148,1234,1335,1432,1498,1506,1571,1661,1730,1812,1951,2023,2023,2192,2192,2284,2284,2450,2603,2773,2954,3021,3089,3196,3319,3481,3598,3710,3802,3891,4008,4136,4255,4337,4453,4483,4530,4606,4671,4782,4867,4954,4993,5037,5131,5270,5397,5552,5626,5700,5753,5810,5886,5935,6014,6070,6123,6173,6234,6308,6359,6429,6486,6531,6595,6616,6659,6717,6753,6785,6817,6852,6882,6920,6955,6980,7004,7035,7073,7108,7138,7181,7206,7228,7249,7292,7337,7370,7427,7462,
Essex-New York,time_series_covid19_confirmed_US,0,0,0,0,0,0,0,0,0,0,0,0,0,0,0,0,0,0,0,0,0,0,0,0,0,0,0,0,0,0,0,0,0,0,0,0,0,0,0,0,0,0,0,0,0,0,0,0,0,0,0,0,0,0,0,1,1,1,1,2,3,3,3,4,5,5,5,5,5,5,6,7,7,7,9,9,9,9,8,10,12,12,12,12,12,12,15,16,18,20,21,22,22,22,24,24,24,26,27,28,28,28,29,29,30,30,30,31,31,32,32,32,32,32,32,32,33,33,34,34,36,36,36,36,36,36,36,36,36,36,37,37,38,38,38,38,38,38,39,40,40,40,40,40,40,40,40,40,40,40,41,41,41,41,41,41,41,42,42,42,42,42,42,46,47,
Franklin-New York,time_series_covid19_confirmed_US,0,0,0,0,0,0,0,0,0,0,0,0,0,0,0,0,0,0,0,0,0,0,0,0,0,0,0,0,0,0,0,0,0,0,0,0,0,0,0,0,0,0,0,0,0,0,0,0,0,0,0,0,0,0,0,0,0,0,0,0,0,0,0,1,1,2,5,6,6,6,9,9,10,10,10,10,10,10,11,11,11,12,12,13,13,13,13,13,13,13,13,13,13,13,14,14,14,14,15,15,15,15,15,16,16,16,16,17,17,17,17,17,17,17,17,18,18,18,18,18,19,19,20,20,20,20,20,20,21,22,22,23,23,23,23,23,23,23,23,23,23,23,24,25,25,25,25,25,26,27,27,27,27,28,28,28,28,29,29,30,30,31,32,33,33,
Fulton-New York,time_series_covid19_confirmed_US,0,0,0,0,0,0,0,0,0,0,0,0,0,0,0,0,0,0,0,0,0,0,0,0,0,0,0,0,0,0,0,0,0,0,0,0,0,0,0,0,0,0,0,0,0,0,0,0,0,0,0,0,0,0,0,0,0,0,0,1,1,1,1,1,1,1,1,1,1,1,2,6,6,9,9,11,13,14,15,18,21,21,21,22,24,25,27,27,27,27,27,28,28,29,61,62,62,66,67,71,75,79,82,84,97,100,101,103,104,107,109,135,140,144,145,148,171,182,182,184,186,189,193,194,196,196,198,200,206,207,208,210,212,213,215,219,222,224,227,228,228,230,231,232,234,235,236,236,236,237,243,243,244,244,244,244,248,249,255,256,256,257,260,261,261,
Genesee-New York,time_series_covid19_confirmed_US,0,0,0,0,0,0,0,0,0,0,0,0,0,0,0,0,0,0,0,0,0,0,0,0,0,0,0,0,0,0,0,0,0,0,0,0,0,0,0,0,0,0,0,0,0,0,0,0,0,0,0,0,0,0,0,0,1,1,1,1,1,1,1,2,4,6,7,9,9,11,13,16,17,20,22,23,33,47,56,65,67,70,71,76,76,78,83,87,117,119,121,122,126,127,141,144,148,149,152,153,154,155,155,159,159,162,168,169,170,172,173,174,174,175,175,178,180,180,182,184,188,189,191,191,192,193,195,197,199,200,202,202,202,202,205,205,206,208,208,210,211,212,212,212,212,213,213,216,217,218,222,222,225,229,230,231,232,237,238,238,238,238,238,239,239,
Greene-New York,time_series_covid19_confirmed_US,0,0,0,0,0,0,0,0,0,0,0,0,0,0,0,0,0,0,0,0,0,0,0,0,0,0,0,0,0,0,0,0,0,0,0,0,0,0,0,0,0,0,0,0,0,0,0,0,0,0,0,0,0,0,2,2,2,2,2,2,2,2,4,4,5,6,7,7,10,10,18,21,23,24,24,24,24,25,31,34,37,44,45,66,73,74,77,82,85,86,87,87,89,90,107,110,111,112,114,131,139,142,151,154,166,188,198,199,204,206,206,206,206,207,209,211,212,213,214,215,215,215,217,220,225,225,231,236,237,238,238,239,241,241,241,242,246,246,247,248,249,249,249,250,251,251,252,252,252,254,255,256,256,256,256,257,257,260,260,260,260,260,260,263,263,
Hamilton-New York,time_series_covid19_confirmed_US,0,0,0,0,0,0,0,0,0,0,0,0,0,0,0,0,0,0,0,0,0,0,0,0,0,0,0,0,0,0,0,0,0,0,0,0,0,0,0,0,0,0,0,0,0,0,0,0,0,0,0,0,0,0,0,0,1,1,1,2,2,2,2,2,2,2,2,2,2,2,2,2,2,2,2,2,2,2,3,3,3,3,3,3,3,3,3,3,3,3,3,3,3,3,3,3,3,3,3,3,3,3,3,3,3,5,5,5,5,5,5,5,5,5,5,5,5,5,5,5,5,5,5,5,5,5,5,5,5,5,5,5,5,5,5,5,5,5,5,5,5,5,5,5,6,6,6,6,6,6,6,6,6,6,6,6,6,6,6,6,6,6,6,6,6,
Herkimer-New York,time_series_covid19_confirmed_US,0,0,0,0,0,0,0,0,0,0,0,0,0,0,0,0,0,0,0,0,0,0,0,0,0,0,0,0,0,0,0,0,0,0,0,0,0,0,0,0,0,0,0,0,0,0,0,0,0,0,1,1,1,1,1,1,1,1,1,3,3,3,4,5,7,9,9,10,12,12,12,14,14,18,22,25,27,29,32,36,37,37,38,39,40,43,46,47,49,49,50,53,54,56,56,57,58,58,58,58,60,61,62,63,67,68,74,76,77,79,81,81,84,86,87,91,91,92,92,93,93,95,100,101,103,103,105,106,107,107,108,109,111,113,113,115,122,123,124,125,125,125,127,128,128,128,128,128,128,131,134,136,137,137,142,143,149,154,158,159,159,162,164,172,172,
Jefferson-New York,time_series_covid19_confirmed_US,0,0,0,0,0,0,0,0,0,0,0,0,0,0,0,0,0,0,0,0,0,0,0,0,0,0,0,0,0,0,0,0,0,0,0,0,0,0,0,0,0,0,0,0,0,0,0,0,0,0,0,0,0,0,0,0,0,0,0,1,1,1,2,2,4,4,6,7,11,11,12,15,18,20,26,33,39,40,42,43,44,46,46,47,47,48,50,50,54,54,54,54,56,58,59,60,60,60,60,61,61,62,62,63,63,63,64,66,67,68,68,68,68,69,71,71,71,71,71,71,71,72,72,72,72,72,72,72,74,74,74,74,74,74,74,75,75,77,78,79,79,79,80,81,81,81,81,82,82,82,83,84,84,84,84,85,85,85,85,86,86,88,90,93,93,
Kings-New York,time_series_covid19_confirmed_US,0,0,0,0,0,0,0,0,0,0,0,0,0,0,0,0,0,0,0,0,0,0,0,0,0,0,0,0,0,0,0,0,0,0,0,0,0,0,0,0,0,0,0,0,0,0,0,0,0,0,0,0,0,0,0,0,0,0,0,0,0,0,0,0,0,0,0,0,0,0,0,0,0,0,0,0,0,0,0,0,0,0,0,0,0,0,0,0,0,0,0,0,0,0,0,0,0,0,0,0,0,0,0,0,0,0,0,0,0,0,0,0,0,0,0,0,0,0,0,0,0,0,0,0,0,0,0,0,0,0,0,0,0,0,0,0,0,0,0,0,0,0,0,0,0,0,0,0,0,0,0,0,0,0,0,0,0,0,0,0,0,0,0,0,0,
Lewis-New York,time_series_covid19_confirmed_US,0,0,0,0,0,0,0,0,0,0,0,0,0,0,0,0,0,0,0,0,0,0,0,0,0,0,0,0,0,0,0,0,0,0,0,0,0,0,0,0,0,0,0,0,0,0,0,0,0,0,0,0,0,0,0,0,0,0,0,0,0,0,0,0,0,0,0,0,0,2,2,2,2,2,3,6,6,6,6,6,6,6,6,7,7,8,8,8,8,9,9,9,9,9,9,9,9,9,9,9,9,9,9,9,9,9,10,10,11,11,11,11,11,12,12,13,16,17,18,18,18,19,19,19,19,20,20,20,20,20,20,20,20,20,20,20,20,20,20,20,20,20,20,20,20,20,20,21,21,21,22,23,23,24,24,25,26,26,29,30,30,30,30,30,31,
Livingston-New York,time_series_covid19_confirmed_US,0,0,0,0,0,0,0,0,0,0,0,0,0,0,0,0,0,0,0,0,0,0,0,0,0,0,0,0,0,0,0,0,0,0,0,0,0,0,0,0,0,0,0,0,0,0,0,0,0,0,0,0,0,0,0,0,0,0,0,2,2,2,3,3,3,3,10,10,13,15,18,18,18,18,24,24,24,29,29,29,30,34,34,34,34,34,34,37,39,39,39,39,41,44,58,60,62,65,67,69,73,76,83,85,86,89,95,100,101,102,102,102,103,106,106,107,110,110,111,111,114,114,114,114,115,118,118,118,118,118,119,119,119,120,120,121,121,121,121,121,121,121,121,122,123,123,123,123,123,123,123,123,124,125,125,126,126,126,128,128,129,130,130,130,131,
Madison-New York,time_series_covid19_confirmed_US,0,0,0,0,0,0,0,0,0,0,0,0,0,0,0,0,0,0,0,0,0,0,0,0,0,0,0,0,0,0,0,0,0,0,0,0,0,0,0,0,0,0,0,0,0,0,0,0,0,0,0,0,0,0,0,0,0,0,0,0,0,1,4,7,9,17,28,29,42,49,62,68,77,78,89,92,92,92,102,102,102,105,110,110,110,110,117,117,117,117,117,121,106,106,121,123,124,126,126,131,139,149,151,217,223,231,246,249,250,251,251,251,253,255,256,258,258,258,260,292,294,297,301,301,303,303,310,310,310,311,316,316,317,319,319,323,325,327,327,331,331,333,333,333,334,335,336,338,341,342,343,345,347,347,347,349,351,351,352,353,357,357,359,360,363,
Monroe-New York,time_series_covid19_confirmed_US,0,0,0,0,0,0,0,0,0,0,0,0,0,0,0,0,0,0,0,0,0,0,0,0,0,0,0,0,0,0,0,0,0,0,0,0,0,0,0,0,0,0,0,0,0,0,0,0,0,0,2,1,2,2,11,14,19,30,36,46,68,81,106,118,148,166,202,219,246,257,349,420,464,512,548,574,596,651,698,742,767,798,823,850,884,932,975,1008,1032,1054,1070,1112,1152,1199,1285,1316,1331,1371,1404,1441,1478,1534,1566,1595,1623,1655,1688,1735,1775,1821,1850,1890,1959,2019,2091,2192,2258,2303,2376,2465,2530,2601,2661,2697,2733,2762,2791,2824,2860,2909,2942,2964,2989,3048,3081,3117,3167,3190,3203,3243,3255,3293,3320,3340,3370,3380,3402,3418,3439,3461,3487,3498,3512,3540,3567,3602,3641,3676,3690,3709,3742,3780,3833,3885,3922,
Montgomery-New York,time_series_covid19_confirmed_US,0,0,0,0,0,0,0,0,0,0,0,0,0,0,0,0,0,0,0,0,0,0,0,0,0,0,0,0,0,0,0,0,0,0,0,0,0,0,0,0,0,0,0,0,0,0,0,0,0,0,0,0,0,0,1,1,2,2,2,3,3,3,3,4,5,5,6,6,6,6,7,8,10,13,15,15,18,18,28,29,29,29,29,32,32,32,33,34,35,35,37,38,39,39,46,47,47,49,51,53,54,54,56,56,61,63,63,64,66,67,67,67,68,69,72,75,75,75,75,75,77,77,77,79,79,80,82,82,84,89,91,91,93,94,96,96,98,100,100,100,100,101,103,103,104,104,104,104,105,106,106,106,108,109,110,111,113,116,118,118,118,118,119,119,119,
Nassau-New York,time_series_covid19_confirmed_US,0,0,0,0,0,0,0,0,0,0,0,0,0,0,0,0,0,0,0,0,0,0,0,0,0,0,0,0,0,0,0,0,0,0,0,0,0,0,0,0,0,0,0,1,1,4,5,17,19,28,41,51,68,79,109,140,278,372,754,1234,1900,2442,2869,3285,3914,4657,5537,6445,7344,8544,9554,10587,12024,13346,14398,15616,16610,18548,20140,21512,22584,23553,24358,25250,26715,27772,28539,29180,30013,30677,31079,31555,32124,32765,33798,34522,34865,35085,35505,35854,36161,36519,36780,36965,37152,37350,37593,37812,38028,38217,38337,38434,38587,38743,38864,39033,39136,39225,39295,39368,39487,39608,39726,39837,39907,39974,40034,40140,40226,40307,40396,40479,40572,40644,40713,40797,40853,40904,40947,40980,41015,41060,41114,41172,41204,41240,41290,41320,41349,41387,41443,41479,41513,41544,41585,41646,41684,41725,41754,41780,41807,41853,41910,41947,41988,
New York-New York,time_series_covid19_confirmed_US,0,0,0,0,0,0,0,0,0,0,0,0,0,0,0,0,0,0,0,0,0,0,0,0,0,0,0,0,0,0,0,0,0,0,0,0,0,0,0,0,1,1,1,4,11,11,12,19,25,55,95,154,269,269,463,814,1871,3954,5151,7530,9654,12305,14904,17856,21873,25573,29776,33768,37453,43119,47439,51809,57159,63306,67551,72181,76876,81803,87028,92384,98308,103208,106763,110465,118302,123146,127352,131334,134267,136591,139348,142227,145855,150473,155113,158258,160489,162338,164841,167478,169690,172354,174331,175651,176874,178351,180216,181783,183289,184417,185357,186123,187250,188545,190357,191600,192593,193230,193821,194550,195675,196484,197266,198123,198731,199301,199968,201051,201999,202751,203303,203764,204377,204872,205406,205940,206511,206969,207353,207693,208118,208517,208954,209493,209878,210259,210591,210941,211260,211670,212061,212446,212741,213056,213348,213699,214070,214434,214750,214939,215179,215475,215902,216362,216730,
Niagara-New York,time_series_covid19_confirmed_US,0,0,0,0,0,0,0,0,0,0,0,0,0,0,0,0,0,0,0,0,0,0,0,0,0,0,0,0,0,0,0,0,0,0,0,0,0,0,0,0,0,0,0,0,0,0,0,0,0,0,0,0,0,0,0,0,0,4,4,9,9,9,10,12,14,23,33,38,41,41,46,91,94,101,116,120,126,155,155,156,167,194,194,216,229,229,227,234,246,255,260,268,295,332,344,368,378,386,401,420,440,457,474,493,508,549,588,605,627,643,655,671,690,710,743,770,792,818,845,858,880,897,927,941,955,965,972,984,1008,1020,1037,1046,1048,1067,1085,1099,1109,1112,1116,1125,1129,1136,1143,1154,1166,1169,1171,1177,1183,1185,1188,1192,1193,1195,1199,1203,1213,1223,1226,1228,1234,1237,1248,1262,1277,
Oneida-New York,time_series_covid19_confirmed_US,0,0,0,0,0,0,0,0,0,0,0,0,0,0,0,0,0,0,0,0,0,0,0,0,0,0,0,0,0,0,0,0,0,0,0,0,0,0,0,0,0,0,0,0,0,0,0,0,0,0,0,0,0,0,0,1,2,2,2,4,4,5,10,10,13,13,23,26,34,34,50,61,71,80,95,100,118,125,158,172,181,195,206,229,246,249,261,268,275,279,284,301,317,323,364,384,397,411,422,439,451,474,489,550,574,579,609,620,638,660,669,676,686,698,713,751,760,772,785,802,817,828,864,878,905,917,929,959,988,1006,1027,1036,1049,1058,1069,1077,1127,1143,1170,1185,1203,1216,1237,1253,1273,1280,1301,1307,1332,1357,1378,1393,1416,1421,1445,1479,1520,1547,1586,1616,1627,1642,1672,1708,1725,
Onondaga-New York,time_series_covid19_confirmed_US,0,0,0,0,0,0,0,0,0,0,0,0,0,0,0,0,0,0,0,0,0,0,0,0,0,0,0,0,0,0,0,0,0,0,0,0,0,0,0,0,0,0,0,0,0,0,0,0,0,0,0,0,0,0,1,2,6,7,13,34,45,53,60,81,111,123,146,194,228,249,277,301,322,349,364,377,397,422,422,456,456,494,520,537,563,579,598,598,637,646,646,667,600,639,664,692,726,742,782,832,860,903,952,971,1002,1056,1115,1169,1218,1265,1287,1308,1395,1423,1440,1469,1501,1520,1665,1718,1771,1828,1904,1953,1981,2012,2033,2054,2092,2133,2170,2197,2228,2256,2295,2329,2375,2392,2408,2427,2433,2454,2474,2498,2519,2531,2545,2558,2615,2634,2644,2666,2675,2702,2734,2751,2782,2791,2816,2822,2842,2863,2897,2909,2928,
Ontario-New York,time_series_covid19_confirmed_US,0,0,0,0,0,0,0,0,0,0,0,0,0,0,0,0,0,0,0,0,0,0,0,0,0,0,0,0,0,0,0,0,0,0,0,0,0,0,0,0,0,0,0,0,0,0,0,0,0,0,0,0,0,0,1,1,1,1,1,4,4,4,6,9,11,14,16,18,20,20,24,26,28,31,32,32,33,39,43,51,56,57,57,61,62,65,67,69,70,71,72,73,73,73,82,84,86,90,90,90,91,92,95,96,97,99,101,104,104,106,107,107,109,129,133,139,146,148,152,170,176,180,182,184,185,195,198,201,205,206,207,208,209,215,218,219,220,221,221,222,222,229,230,230,233,233,234,234,235,239,239,240,242,242,246,248,252,254,256,257,259,265,268,275,278,
Orange-New York,time_series_covid19_confirmed_US,0,0,0,0,0,0,0,0,0,0,0,0,0,0,0,0,0,0,0,0,0,0,0,0,0,0,0,0,0,0,0,0,0,0,0,0,0,0,0,0,0,0,0,0,0,0,0,0,0,0,2,3,6,6,11,15,32,51,84,163,247,389,498,638,751,910,1101,1247,1435,1556,1756,1993,2397,2741,3187,3533,3829,4075,4309,4532,4847,5027,5598,5830,5830,6266,6514,6514,6514,6514,7029,7152,6816,7155,7973,8106,8238,8374,8488,8650,8751,8910,8967,9015,9144,9215,9328,9402,9486,9543,9584,9632,9693,9771,9825,9879,9943,9965,9988,10043,10092,10142,10197,10225,10244,10277,10292,10325,10361,10389,10406,10422,10449,10460,10471,10484,10508,10514,10523,10533,10541,10550,10558,10563,10571,10573,10580,10599,10604,10620,10638,10648,10654,10666,10669,10679,10698,10710,10713,10716,10723,10730,10744,10759,10766,
Orleans-New York,time_series_covid19_confirmed_US,0,0,0,0,0,0,0,0,0,0,0,0,0,0,0,0,0,0,0,0,0,0,0,0,0,0,0,0,0,0,0,0,0,0,0,0,0,0,0,0,0,0,0,0,0,0,0,0,0,0,0,0,0,0,0,0,0,0,0,0,0,0,0,0,2,3,3,3,4,5,6,6,6,10,11,13,15,16,22,24,24,25,26,31,33,34,34,41,46,46,53,56,59,60,75,80,80,80,85,89,92,93,97,97,99,103,108,121,122,126,130,133,142,145,147,163,167,167,168,171,174,175,196,202,205,208,210,212,216,228,229,236,241,246,247,247,254,255,256,257,259,260,260,261,267,268,268,270,271,274,275,276,276,277,277,279,279,280,281,281,281,281,282,282,282,
Oswego-New York,time_series_covid19_confirmed_US,0,0,0,0,0,0,0,0,0,0,0,0,0,0,0,0,0,0,0,0,0,0,0,0,0,0,0,0,0,0,0,0,0,0,0,0,0,0,0,0,0,0,0,0,0,0,0,0,0,0,0,0,0,0,0,0,0,0,0,0,0,2,2,2,4,4,9,10,15,15,20,23,28,28,32,34,34,34,36,36,37,42,42,42,42,44,45,45,47,52,52,52,49,51,57,61,61,63,63,63,64,66,66,67,68,70,70,72,75,75,75,76,76,78,80,83,84,84,89,90,92,96,99,100,104,104,105,107,108,108,109,110,110,112,112,112,114,115,115,115,115,119,120,122,122,126,139,139,144,167,169,173,173,179,188,191,192,194,195,196,197,201,206,206,206,
Otsego-New York,time_series_covid19_confirmed_US,0,0,0,0,0,0,0,0,0,0,0,0,0,0,0,0,0,0,0,0,0,0,0,0,0,0,0,0,0,0,0,0,0,0,0,0,0,0,0,0,0,0,0,0,0,0,0,0,0,0,0,0,0,0,0,0,0,0,0,0,0,1,1,2,3,5,7,10,17,17,19,21,21,26,29,29,34,38,39,41,43,43,43,44,44,44,44,47,48,49,49,49,50,50,60,60,62,65,66,67,67,67,67,67,67,67,67,67,67,67,67,67,67,67,67,67,67,67,67,67,67,67,68,69,69,69,69,70,71,71,72,72,73,73,73,73,74,74,75,75,77,78,78,80,80,80,81,82,82,82,82,82,83,83,83,83,83,84,84,84,84,84,84,84,86,
Out of NY-New York,time_series_covid19_confirmed_US,0,0,0,0,0,0,0,0,0,0,0,0,0,0,0,0,0,0,0,0,0,0,0,0,0,0,0,0,0,0,0,0,0,0,0,0,0,0,0,0,0,0,0,0,0,0,0,0,0,0,0,0,0,0,0,0,0,0,0,0,0,0,0,0,0,0,0,0,0,0,0,0,0,0,0,0,0,0,0,0,0,0,0,0,0,0,0,0,0,0,0,0,0,0,0,0,0,0,0,0,0,0,0,0,0,0,0,0,0,0,0,0,0,0,0,0,0,0,0,0,0,0,0,0,0,0,0,0,0,0,0,0,0,0,0,0,0,0,0,0,0,0,0,0,0,0,0,0,0,0,0,0,0,0,0,0,0,0,0,0,0,0,0,0,0,
Putnam-New York,time_series_covid19_confirmed_US,0,0,0,0,0,0,0,0,0,0,0,0,0,0,0,0,0,0,0,0,0,0,0,0,0,0,0,0,0,0,0,0,0,0,0,0,0,0,0,0,0,0,0,0,0,0,0,0,0,0,0,0,0,0,2,2,2,5,12,31,31,31,82,84,94,111,131,144,167,167,207,216,252,283,314,345,402,427,456,487,494,507,507,634,634,634,732,732,778,778,807,831,615,619,885,904,925,932,946,970,990,1003,1013,1026,1031,1040,1066,1074,1080,1089,1098,1098,1108,1115,1121,1127,1136,1141,1159,1168,1175,1187,1200,1208,1214,1222,1227,1236,1241,1248,1252,1257,1262,1264,1268,1270,1274,1277,1279,1280,1282,1282,1282,1285,1288,1291,1292,1294,1295,1299,1301,1301,1305,1305,1306,1311,1317,1319,1323,1325,1326,1329,1332,1333,1335,
Queens-New York,time_series_covid19_confirmed_US,0,0,0,0,0,0,0,0,0,0,0,0,0,0,0,0,0,0,0,0,0,0,0,0,0,0,0,0,0,0,0,0,0,0,0,0,0,0,0,0,0,0,0,0,0,0,0,0,0,0,0,0,0,0,0,0,0,0,0,0,0,0,0,0,0,0,0,0,0,0,0,0,0,0,0,0,0,0,0,0,0,0,0,0,0,0,0,0,0,0,0,0,0,0,0,0,0,0,0,0,0,0,0,0,0,0,0,0,0,0,0,0,0,0,0,0,0,0,0,0,0,0,0,0,0,0,0,0,0,0,0,0,0,0,0,0,0,0,0,0,0,0,0,0,0,0,0,0,0,0,0,0,0,0,0,0,0,0,0,0,0,0,0,0,0,
Rensselaer-New York,time_series_covid19_confirmed_US,0,0,0,0,0,0,0,0,0,0,0,0,0,0,0,0,0,0,0,0,0,0,0,0,0,0,0,0,0,0,0,0,0,0,0,0,0,0,0,0,0,0,0,0,0,0,0,0,0,0,0,0,0,0,0,1,4,4,8,20,20,20,33,33,44,44,51,51,52,54,55,60,67,67,74,74,88,88,102,102,102,102,113,140,140,140,150,164,186,186,186,202,191,198,221,242,246,250,262,287,298,311,322,337,339,347,367,380,407,409,411,416,420,423,428,438,439,444,444,453,456,460,463,463,465,466,466,469,478,486,491,492,493,495,495,497,499,502,503,505,507,508,510,511,513,514,514,515,515,519,521,524,528,533,534,541,549,550,551,553,553,555,556,559,563,
Richmond-New York,time_series_covid19_confirmed_US,0,0,0,0,0,0,0,0,0,0,0,0,0,0,0,0,0,0,0,0,0,0,0,0,0,0,0,0,0,0,0,0,0,0,0,0,0,0,0,0,0,0,0,0,0,0,0,0,0,0,0,0,0,0,0,0,0,0,0,0,0,0,0,0,0,0,0,0,0,0,0,0,0,0,0,0,0,0,0,0,0,0,0,0,0,0,0,0,0,0,0,0,0,0,0,0,0,0,0,0,0,0,0,0,0,0,0,0,0,0,0,0,0,0,0,0,0,0,0,0,0,0,0,0,0,0,0,0,0,0,0,0,0,0,0,0,0,0,0,0,0,0,0,0,0,0,0,0,0,0,0,0,0,0,0,0,0,0,0,0,0,0,0,0,0,
Rockland-New York,time_series_covid19_confirmed_US,0,0,0,0,0,0,0,0,0,0,0,0,0,0,0,0,0,0,0,0,0,0,0,0,0,0,0,0,0,0,0,0,0,0,0,0,0,0,0,0,0,0,0,0,0,2,2,4,4,6,7,9,10,12,16,22,31,53,101,262,455,592,671,968,1197,1457,1896,2209,2511,2863,3321,3751,4289,4872,5326,5703,5990,6413,6665,7122,7477,7721,7965,8335,8474,8752,8987,9171,9364,9457,9568,9699,9828,10091,11091,11256,11366,11453,11586,11708,11812,11945,12025,12095,12144,12204,12280,12349,12400,12451,12484,12504,12543,12596,12637,12688,12758,12777,12798,12831,12877,12905,12934,12963,12996,13019,13047,13076,13100,13128,13151,13185,13223,13259,13280,13297,13315,13325,13340,13353,13372,13385,13396,13411,13423,13441,13460,13467,13474,13486,13495,13504,13514,13529,13534,13549,13557,13566,13576,13580,13590,13602,13612,13623,13629,
Saratoga-New York,time_series_covid19_confirmed_US,0,0,0,0,0,0,0,0,0,0,0,0,0,0,0,0,0,0,0,0,0,0,0,0,0,0,0,0,0,0,0,0,0,0,0,0,0,0,0,0,0,0,0,0,0,2,2,2,2,2,3,3,3,3,5,9,14,14,21,35,35,35,53,64,73,82,96,102,108,108,122,132,141,141,150,153,155,162,172,182,187,196,201,224,227,231,236,244,251,254,272,277,265,278,320,330,336,343,346,354,358,361,363,367,368,371,374,388,399,402,403,407,410,415,421,423,428,434,436,438,440,448,452,456,461,463,465,468,473,477,480,483,484,489,493,496,501,502,504,511,511,513,514,514,515,517,522,523,526,528,531,533,535,538,538,540,540,546,548,549,549,550,555,561,562,
Schenectady-New York,time_series_covid19_confirmed_US,0,0,0,0,0,0,0,0,0,0,0,0,0,0,0,0,0,0,0,0,0,0,0,0,0,0,0,0,0,0,0,0,0,0,0,0,0,0,0,0,0,0,0,0,0,0,0,0,0,0,0,1,1,1,4,5,14,14,14,32,32,32,44,55,62,66,72,76,80,85,93,101,110,117,128,138,145,149,167,191,194,199,204,235,237,245,295,295,295,295,336,352,288,297,431,449,457,469,479,501,514,521,527,535,537,551,551,558,571,571,575,581,587,597,603,613,620,629,631,633,638,645,648,658,664,668,673,676,680,686,689,693,696,701,701,706,710,711,712,715,716,717,721,723,725,732,735,737,738,746,749,754,761,770,772,778,781,786,792,799,800,805,816,824,831,
Schoharie-New York,time_series_covid19_confirmed_US,0,0,0,0,0,0,0,0,0,0,0,0,0,0,0,0,0,0,0,0,0,0,0,0,0,0,0,0,0,0,0,0,0,0,0,0,0,0,0,0,0,0,0,0,0,0,0,0,0,0,0,0,0,0,0,0,0,1,2,1,1,1,1,2,2,3,5,5,6,6,9,9,11,11,11,11,12,12,12,12,12,12,12,20,20,20,20,20,20,20,20,20,21,21,33,35,35,38,39,42,43,43,45,45,45,45,45,45,46,46,46,46,47,47,47,47,47,48,48,48,49,49,49,49,49,49,49,49,49,50,50,50,51,51,51,51,54,54,54,54,54,54,54,54,54,54,54,55,55,55,56,57,57,57,57,57,57,57,58,58,58,58,58,58,58,
Schuyler-New York,time_series_covid19_confirmed_US,0,0,0,0,0,0,0,0,0,0,0,0,0,0,0,0,0,0,0,0,0,0,0,0,0,0,0,0,0,0,0,0,0,0,0,0,0,0,0,0,0,0,0,0,0,0,0,0,0,0,0,0,0,0,0,0,0,0,0,0,0,0,0,0,0,0,1,1,2,2,2,3,3,4,4,4,4,4,4,5,5,5,8,8,8,8,8,8,8,8,8,8,7,7,7,7,7,7,7,7,7,7,7,7,7,7,7,7,7,7,7,8,8,8,8,8,9,10,10,10,10,11,11,11,11,11,11,11,11,11,11,11,12,12,12,12,12,12,12,12,12,12,12,12,12,12,12,12,12,12,12,12,12,12,12,12,12,12,12,12,12,13,13,13,13,
Seneca-New York,time_series_covid19_confirmed_US,0,0,0,0,0,0,0,0,0,0,0,0,0,0,0,0,0,0,0,0,0,0,0,0,0,0,0,0,0,0,0,0,0,0,0,0,0,0,0,0,0,0,0,0,0,0,0,0,0,0,0,0,0,0,0,0,0,0,0,0,0,0,0,0,0,0,0,0,0,0,2,4,6,6,9,9,10,12,15,15,16,16,16,18,18,18,18,18,18,18,18,18,18,18,36,38,38,38,38,39,41,42,45,45,46,46,46,46,48,49,49,49,49,49,49,50,51,51,51,52,52,54,54,55,55,55,55,56,57,58,58,59,59,60,60,61,61,61,61,61,61,62,63,63,63,64,64,64,64,64,64,64,64,64,64,66,69,69,69,69,69,70,70,70,70,
St. Lawrence-New York,time_series_covid19_confirmed_US,0,0,0,0,0,0,0,0,0,0,0,0,0,0,0,0,0,0,0,0,0,0,0,0,0,0,0,0,0,0,0,0,0,0,0,0,0,0,0,0,0,0,0,0,0,0,0,0,0,0,0,0,0,0,0,0,0,0,0,0,0,0,1,1,4,4,8,12,13,23,34,39,43,52,61,61,61,78,82,82,82,88,89,92,92,93,96,98,105,110,120,123,139,144,156,167,169,170,170,173,176,176,177,178,178,180,181,187,187,187,190,191,192,192,192,192,192,192,192,195,195,195,196,197,197,197,200,201,202,202,204,205,205,206,207,207,209,209,209,209,209,212,214,214,215,215,215,215,215,215,216,216,217,217,217,217,218,218,218,219,219,219,220,222,223,
Steuben-New York,time_series_covid19_confirmed_US,0,0,0,0,0,0,0,0,0,0,0,0,0,0,0,0,0,0,0,0,0,0,0,0,0,0,0,0,0,0,0,0,0,0,0,0,0,0,0,0,0,0,0,0,0,0,0,0,0,0,0,0,0,0,0,0,0,0,2,2,2,4,8,8,11,12,13,17,19,19,38,43,46,60,73,75,75,87,92,117,117,147,147,147,151,154,154,181,181,195,195,214,171,171,204,207,209,210,214,216,216,217,218,219,221,223,224,225,226,227,228,229,230,230,231,233,234,235,236,237,238,240,240,240,240,240,241,241,241,241,241,241,242,243,245,246,251,251,251,252,253,254,254,255,255,256,257,257,257,257,261,261,263,263,263,264,264,264,266,266,266,268,268,268,269,
Suffolk-New York,time_series_covid19_confirmed_US,0,0,0,0,0,0,0,0,0,0,0,0,0,0,0,0,0,0,0,0,0,0,0,0,0,0,0,0,0,0,0,0,0,0,0,0,0,0,0,0,0,0,0,0,0,0,1,1,1,6,20,28,33,41,74,97,116,239,459,662,1034,1458,1880,2260,2735,3385,4138,5023,5791,6713,7605,8746,10154,11370,13129,14185,15561,17008,18803,20320,20321,20934,21643,22691,23523,24812,25035,26143,26888,28127,28701,28854,29567,30606,31368,32059,32470,32724,33265,33664,34037,34478,34855,35077,35275,35543,35892,36223,36461,36702,36911,37062,37305,37544,37719,37942,38117,38224,38327,38411,38553,38672,38802,38964,39090,39199,39258,39359,39445,39532,39643,39705,39980,40062,40153,40239,40278,40329,40377,40426,40464,40512,40559,40615,40659,40692,40738,40770,40810,40864,40908,40972,41010,41056,41101,41151,41208,41253,41306,41339,41385,41427,41491,41538,41585,
Sullivan-New York,time_series_covid19_confirmed_US,0,0,0,0,0,0,0,0,0,0,0,0,0,0,0,0,0,0,0,0,0,0,0,0,0,0,0,0,0,0,0,0,0,0,0,0,0,0,0,0,0,0,0,0,0,0,0,0,0,0,0,0,0,0,0,1,1,1,1,12,12,12,23,39,53,64,72,88,101,106,121,143,168,193,193,253,270,296,296,318,340,358,380,415,424,437,505,524,537,560,592,592,580,628,689,724,748,769,811,838,880,931,951,976,984,996,1021,1039,1071,1093,1109,1119,1135,1168,1189,1217,1231,1246,1258,1267,1281,1287,1297,1310,1324,1338,1340,1351,1364,1375,1387,1389,1392,1393,1405,1409,1411,1415,1417,1418,1425,1426,1428,1430,1430,1432,1433,1433,1434,1434,1435,1437,1438,1440,1447,1448,1449,1451,1451,1451,1451,1452,1453,1455,1456,
Tioga-New York,time_series_covid19_confirmed_US,0,0,0,0,0,0,0,0,0,0,0,0,0,0,0,0,0,0,0,0,0,0,0,0,0,0,0,0,0,0,0,0,0,0,0,0,0,0,0,0,0,0,0,0,0,0,0,0,0,0,0,0,1,1,1,1,1,1,1,1,1,1,1,1,2,2,6,6,7,8,8,8,8,8,8,8,8,15,17,18,19,23,23,24,25,27,30,32,35,37,37,39,40,40,71,71,71,82,84,88,90,90,90,90,92,96,97,99,104,105,107,107,108,108,110,112,113,113,113,114,117,118,121,122,122,122,124,126,126,128,130,130,131,133,133,134,134,134,134,134,135,135,137,137,139,139,140,140,140,140,140,140,140,141,141,141,141,142,142,142,143,143,143,143,145,
Tompkins-New York,time_series_covid19_confirmed_US,0,0,0,0,0,0,0,0,0,0,0,0,0,0,0,0,0,0,0,0,0,0,0,0,0,0,0,0,0,0,0,0,0,0,0,0,0,0,0,0,0,0,0,0,0,0,0,0,0,0,0,0,1,1,2,2,6,6,11,11,15,15,16,18,23,32,48,56,70,73,76,80,87,93,95,102,103,105,107,107,108,113,113,113,118,118,119,119,119,119,123,123,119,121,126,126,126,126,127,128,128,128,129,129,129,129,130,131,132,132,132,132,136,136,136,138,139,141,142,145,145,147,149,151,154,154,155,156,157,161,164,164,164,165,165,167,171,171,171,171,171,171,172,173,173,173,173,173,173,173,174,175,175,175,175,175,175,175,176,177,177,177,178,178,178,
Ulster-New York,time_series_covid19_confirmed_US,0,0,0,0,0,0,0,0,0,0,0,0,0,0,0,0,0,0,0,0,0,0,0,0,0,0,0,0,0,0,0,0,0,0,0,0,0,0,0,0,0,0,0,0,0,0,1,1,1,2,4,5,5,5,7,8,9,9,9,18,18,18,35,65,78,98,133,146,190,207,222,240,263,290,358,382,398,462,462,530,589,655,716,716,745,845,880,880,960,997,1018,1018,942,976,1166,1190,1219,1230,1252,1279,1298,1327,1341,1354,1357,1383,1416,1429,1440,1450,1454,1465,1481,1495,1511,1537,1552,1557,1565,1571,1584,1595,1606,1617,1632,1638,1645,1658,1663,1678,1685,1691,1696,1701,1704,1711,1714,1718,1721,1724,1726,1729,1734,1739,1741,1741,1742,1744,1746,1749,1750,1754,1756,1757,1760,1765,1768,1773,1778,1778,1781,1782,1790,1815,1825,
Unassigned-New York,time_series_covid19_confirmed_US,0,0,0,0,0,0,0,0,0,0,0,0,0,0,0,0,0,0,0,0,0,0,0,0,0,0,0,0,0,0,0,0,0,0,0,0,0,0,0,0,0,0,0,0,0,0,0,0,0,0,0,0,25,0,0,0,0,18,449,0,23,107,0,0,0,0,0,0,0,0,0,0,0,0,0,0,0,0,0,0,0,0,0,0,0,0,0,0,0,0,0,0,0,0,0,0,0,0,0,0,0,0,0,0,0,0,0,0,0,0,0,0,0,0,0,0,0,0,0,0,0,0,0,0,0,0,0,0,0,0,0,0,0,0,0,0,0,0,0,0,0,0,0,0,0,0,0,0,0,0,0,0,0,0,0,0,0,0,0,0,0,0,0,0,0,
Warren-New York,time_series_covid19_confirmed_US,0,0,0,0,0,0,0,0,0,0,0,0,0,0,0,0,0,0,0,0,0,0,0,0,0,0,0,0,0,0,0,0,0,0,0,0,0,0,0,0,0,0,0,0,0,0,0,0,0,0,0,0,0,0,0,0,1,1,1,1,1,1,2,2,2,8,13,18,18,18,18,18,19,20,25,26,31,33,40,43,44,46,48,77,77,81,91,94,96,101,102,108,119,122,132,135,147,150,152,176,182,185,188,192,192,193,193,199,202,207,217,221,223,227,228,228,232,234,235,235,241,246,249,250,251,251,252,253,254,255,255,255,255,256,256,256,257,257,257,257,257,257,257,257,257,257,257,257,258,261,261,261,262,262,262,263,263,263,263,263,263,263,264,266,268,
Washington-New York,time_series_covid19_confirmed_US,0,0,0,0,0,0,0,0,0,0,0,0,0,0,0,0,0,0,0,0,0,0,0,0,0,0,0,0,0,0,0,0,0,0,0,0,0,0,0,0,0,0,0,0,0,0,0,0,0,0,0,0,0,0,0,0,1,1,1,1,1,1,3,4,4,6,9,9,9,9,11,12,15,16,18,19,19,20,25,26,31,34,37,40,42,46,48,52,63,65,68,73,80,83,113,127,130,131,134,148,170,184,186,188,188,189,190,201,204,206,210,210,214,215,217,218,219,219,220,221,222,224,225,226,228,228,228,231,232,235,235,235,237,238,238,240,240,240,240,240,240,241,242,242,243,243,243,243,243,243,244,244,244,244,244,245,245,245,246,246,246,246,246,246,246,
Wayne-New York,time_series_covid19_confirmed_US,0,0,0,0,0,0,0,0,0,0,0,0,0,0,0,0,0,0,0,0,0,0,0,0,0,0,0,0,0,0,0,0,0,0,0,0,0,0,0,0,0,0,0,0,0,0,0,0,0,0,0,0,0,0,0,0,0,0,1,3,3,3,6,7,8,11,12,12,15,15,24,27,30,30,32,34,35,39,39,41,42,42,42,48,48,49,49,49,50,50,51,52,53,53,65,65,69,70,70,71,71,73,75,76,78,78,78,79,79,80,81,83,84,89,91,92,96,97,98,103,103,104,107,108,109,110,110,112,113,113,115,116,116,120,121,122,123,124,125,126,126,127,129,131,133,133,134,137,139,141,143,143,143,145,150,154,159,161,162,165,170,174,176,181,183,
Westchester-New York,time_series_covid19_confirmed_US,0,0,0,0,0,0,0,0,0,0,0,0,0,0,0,0,0,0,0,0,0,0,0,0,0,0,0,0,0,0,0,0,0,0,0,0,0,0,0,0,0,1,10,18,19,57,83,98,98,121,148,158,172,178,220,380,538,798,1091,1387,1873,2894,3891,4691,5944,7187,7875,8519,9326,9967,10683,11567,12351,13081,13723,14294,14294,15887,17004,18077,18729,19313,19786,20191,20947,21828,22476,23179,23803,24306,24656,25276,25959,26633,27231,27664,28007,28245,28626,28970,29232,29626,29884,30097,30240,30426,30708,30905,31087,31294,31384,31472,31611,31792,31943,32097,32224,32323,32402,32517,32673,32767,32881,32968,33049,33107,33186,33293,33349,33429,33481,33552,33633,33691,33767,33854,33924,33954,34000,34035,34076,34106,34175,34253,34290,34327,34358,34385,34409,34455,34486,34521,34557,34581,34597,34642,34700,34748,34780,34798,34838,34866,34912,34980,35020,
Wyoming-New York,time_series_covid19_confirmed_US,0,0,0,0,0,0,0,0,0,0,0,0,0,0,0,0,0,0,0,0,0,0,0,0,0,0,0,0,0,0,0,0,0,0,0,0,0,0,0,0,0,0,0,0,0,0,0,0,0,0,0,0,0,0,0,1,1,2,2,2,2,2,4,4,7,7,7,8,8,8,10,14,15,18,22,23,23,27,29,30,31,31,31,32,42,42,44,44,44,44,44,44,41,43,57,59,63,63,65,67,68,69,69,69,70,70,71,73,75,77,77,77,77,77,77,78,78,79,79,79,79,79,80,81,82,82,82,82,82,84,86,86,86,87,87,88,89,89,90,91,91,91,91,91,92,92,93,93,93,93,93,93,93,93,93,93,94,95,95,95,95,95,95,95,96,
Yates-New York,time_series_covid19_confirmed_US,0,0,0,0,0,0,0,0,0,0,0,0,0,0,0,0,0,0,0,0,0,0,0,0,0,0,0,0,0,0,0,0,0,0,0,0,0,0,0,0,0,0,0,0,0,0,0,0,0,0,0,0,0,0,0,0,0,0,0,0,0,0,0,0,0,0,0,0,0,0,0,1,1,1,1,1,1,1,1,2,2,2,4,6,6,7,8,9,9,10,10,11,11,11,16,17,17,17,17,18,18,18,19,19,19,19,19,20,20,21,21,21,22,22,22,22,23,25,26,34,34,34,37,37,37,37,39,39,39,39,39,39,39,39,39,39,39,39,39,39,39,39,39,39,40,40,40,40,40,40,41,41,42,43,44,44,45,45,45,46,46,46,46,46,48,
Albany-New York,time_series_covid19_deaths_US,305506,0,0,0,0,0,0,0,0,0,0,0,0,0,0,0,0,0,0,0,0,0,0,0,0,0,0,0,0,0,0,0,0,0,0,0,0,0,0,0,0,0,0,0,0,0,0,0,0,0,0,0,0,0,0,0,0,0,0,0,0,0,0,0,0,0,0,0,1,1,1,1,2,2,6,8,8,8,9,11,11,12,12,14,16,20,20,20,20,20,22,23,23,30,31,31,32,36,36,36,41,44,44,49,49,49,53,53,53,59,59,59,61,62,66,67,68,68,68,69,69,69,69,76,76,76,76,76,76,76,76,76,112,112,112,112,112,112,115,115,115,115,115,118,118,118,118,118,118,118,118,120,120,120,120,120,121,121,121,121,121,121,121,121,121,121,
Allegany-New York,time_series_covid19_deaths_US,46091,0,0,0,0,0,0,0,0,0,0,0,0,0,0,0,0,0,0,0,0,0,0,0,0,0,0,0,0,0,0,0,0,0,0,0,0,0,0,0,0,0,0,0,0,0,0,0,0,0,0,0,0,0,0,0,0,0,0,0,0,0,0,0,0,0,0,0,0,0,1,1,1,1,1,1,1,1,1,1,1,1,1,1,1,1,1,1,1,2,2,2,2,2,2,2,2,2,2,2,2,2,2,0,0,0,0,0,0,0,0,0,0,0,0,0,0,0,0,0,0,0,0,0,0,0,0,0,0,0,0,0,0,0,0,0,0,0,0,0,0,0,0,0,0,0,0,0,0,0,0,0,0,0,0,0,0,0,0,0,0,0,0,0,1,1,
Bronx-New York,time_series_covid19_deaths_US,1418207,0,0,0,0,0,0,0,0,0,0,0,0,0,0,0,0,0,0,0,0,0,0,0,0,0,0,0,0,0,0,0,0,0,0,0,0,0,0,0,0,0,0,0,0,0,0,0,0,0,0,0,0,0,0,0,0,0,0,0,0,0,0,0,0,0,0,0,0,0,0,0,0,0,0,0,0,0,0,0,0,0,0,0,0,0,0,0,0,0,0,0,0,0,0,0,0,0,0,0,0,0,0,0,0,0,0,0,0,0,0,0,0,0,0,0,0,0,0,0,0,0,0,0,0,0,0,0,0,0,0,0,0,0,0,0,0,0,0,0,0,0,0,0,0,0,0,0,0,0,0,0,0,0,0,0,0,0,0,0,0,0,0,0,0,0,
Broome-New York,time_series_covid19_deaths_US,190488,0,0,0,0,0,0,0,0,0,0,0,0,0,0,0,0,0,0,0,0,0,0,0,0,0,0,0,0,0,0,0,0,0,0,0,0,0,0,0,0,0,0,0,0,0,0,0,0,0,0,0,0,0,0,0,0,0,0,0,0,1,1,1,2,2,2,3,3,3,3,3,4,4,4,5,5,6,6,6,6,6,6,8,8,8,8,8,9,10,10,11,11,15,17,17,17,19,19,21,22,22,22,22,22,22,23,23,23,23,23,23,23,28,28,28,28,28,28,30,30,30,30,32,32,44,44,44,44,44,44,44,44,44,44,45,52,52,52,52,52,52,52,52,52,52,52,52,52,52,52,52,52,56,58,58,58,58,58,58,58,58,58,58,58,58,
Cattaraugus-New York,time_series_covid19_deaths_US,76117,0,0,0,0,0,0,0,0,0,0,0,0,0,0,0,0,0,0,0,0,0,0,0,0,0,0,0,0,0,0,0,0,0,0,0,0,0,0,0,0,0,0,0,0,0,0,0,0,0,0,0,0,0,0,0,0,0,0,0,0,0,0,0,0,0,0,0,0,0,0,0,0,0,0,0,0,0,0,0,0,0,0,0,0,0,0,0,0,0,0,0,0,0,0,0,0,0,0,0,0,0,0,0,0,0,0,0,0,0,0,0,0,0,0,0,0,0,0,0,0,0,0,0,0,0,0,0,0,0,0,0,0,0,0,0,5,5,5,5,5,5,5,5,5,5,5,5,5,5,5,5,5,6,6,6,6,6,6,6,6,6,6,6,6,6,
Cayuga-New York,time_series_covid19_deaths_US,76576,0,0,0,0,0,0,0,0,0,0,0,0,0,0,0,0,0,0,0,0,0,0,0,0,0,0,0,0,0,0,0,0,0,0,0,0,0,0,0,0,0,0,0,0,0,0,0,0,0,0,0,0,0,0,0,0,0,0,0,0,0,0,0,0,0,0,0,0,0,0,0,0,0,0,0,0,0,0,1,1,1,1,1,1,1,1,1,1,1,1,1,1,1,1,1,1,1,1,1,1,1,1,1,1,1,1,1,1,1,1,1,1,1,1,1,1,1,1,1,1,1,1,1,1,1,1,1,1,1,1,1,1,1,1,1,2,2,2,2,2,2,2,2,2,2,2,2,2,2,2,2,2,2,2,2,2,2,2,2,2,2,2,2,2,2,
Chautauqua-New York,time_series_covid19_deaths_US,126903,0,0,0,0,0,0,0,0,0,0,0,0,0,0,0,0,0,0,0,0,0,0,0,0,0,0,0,0,0,0,0,0,0,0,0,0,0,0,0,0,0,0,0,0,0,0,0,0,0,0,0,0,0,0,0,0,0,0,0,0,0,0,0,0,0,0,0,0,0,0,1,1,1,1,1,2,2,2,2,2,3,3,3,3,3,3,3,3,3,3,3,3,3,3,3,3,3,3,3,3,3,3,3,4,4,4,4,4,4,4,4,4,4,4,4,4,4,4,4,4,4,4,4,4,4,4,4,4,4,4,4,4,4,4,4,4,4,4,4,4,4,4,4,4,4,4,4,4,4,4,4,4,4,4,4,7,7,7,7,7,7,7,7,7,7,
Chemung-New York,time_series_covid19_deaths_US,83456,0,0,0,0,0,0,0,0,0,0,0,0,0,0,0,0,0,0,0,0,0,0,0,0,0,0,0,0,0,0,0,0,0,0,0,0,0,0,0,0,0,0,0,0,0,0,0,0,0,0,0,0,0,0,0,0,0,0,0,0,0,0,0,0,0,0,0,0,0,0,0,0,0,0,0,0,0,1,1,1,1,1,1,1,1,1,1,1,1,1,1,1,1,1,1,1,1,1,1,1,1,1,1,1,1,1,1,1,1,1,1,1,1,1,1,1,1,1,1,1,1,1,1,1,1,1,1,1,1,1,1,1,1,1,1,2,2,2,2,2,2,2,2,2,2,2,2,2,2,2,2,2,2,2,2,2,2,2,2,2,2,2,2,2,2,
Chenango-New York,time_series_covid19_deaths_US,47207,0,0,0,0,0,0,0,0,0,0,0,0,0,0,0,0,0,0,0,0,0,0,0,0,0,0,0,0,0,0,0,0,0,0,0,0,0,0,0,0,0,0,0,0,0,0,0,0,0,0,0,0,0,0,0,0,0,0,0,0,0,0,0,0,0,0,0,0,0,0,0,0,0,0,0,0,0,0,0,0,0,0,0,0,0,0,0,0,0,0,0,0,0,0,0,0,0,0,0,0,0,0,0,0,0,0,0,0,0,0,0,0,0,0,0,0,0,0,0,0,0,0,0,0,0,0,0,0,0,0,0,0,0,0,0,5,5,5,5,5,5,5,5,5,5,5,5,5,5,5,5,5,5,5,5,5,5,5,5,5,5,5,5,5,5,
Clinton-New York,time_series_covid19_deaths_US,80485,0,0,0,0,0,0,0,0,0,0,0,0,0,0,0,0,0,0,0,0,0,0,0,0,0,0,0,0,0,0,0,0,0,0,0,0,0,0,0,0,0,0,0,0,0,0,0,0,0,0,0,0,0,0,0,0,0,0,0,0,0,0,0,0,0,0,0,0,0,0,0,0,0,0,0,0,0,0,0,0,2,2,3,3,3,3,3,3,3,3,3,3,4,4,4,4,4,4,4,4,4,4,4,4,4,4,4,4,4,4,4,4,4,4,4,4,4,4,4,4,4,4,4,4,4,4,4,4,4,4,4,4,4,4,4,4,4,4,4,4,4,4,4,4,4,4,4,4,4,4,4,4,4,4,4,4,4,4,4,4,4,4,4,4,4,
Columbia-New York,time_series_covid19_deaths_US,59461,0,0,0,0,0,0,0,0,0,0,0,0,0,0,0,0,0,0,0,0,0,0,0,0,0,0,0,0,0,0,0,0,0,0,0,0,0,0,0,0,0,0,0,0,0,0,0,0,0,0,0,0,0,0,0,0,0,0,0,0,0,0,0,0,0,0,1,1,1,1,1,1,2,2,3,3,4,4,5,5,7,7,9,9,10,10,10,10,11,11,12,12,13,13,13,13,13,13,13,13,13,13,13,16,16,16,16,16,19,19,19,24,24,24,24,26,26,26,28,28,28,28,32,32,32,32,32,32,32,32,32,34,34,34,34,34,34,34,34,34,34,34,37,37,37,37,37,37,37,37,37,37,37,37,37,37,37,37,37,37,37,37,37,37,37,
Cortland-New York,time_series_covid19_deaths_US,47581,0,0,0,0,0,0,0,0,0,0,0,0,0,0,0,0,0,0,0,0,0,0,0,0,0,0,0,0,0,0,0,0,0,0,0,0,0,0,0,0,0,0,0,0,0,0,0,0,0,0,0,0,0,0,0,0,0,0,0,0,0,0,0,0,0,0,0,0,0,0,0,0,0,0,0,0,0,0,0,0,0,0,0,0,0,0,0,0,0,0,0,0,0,0,0,0,0,0,0,0,0,0,0,0,0,0,0,0,0,0,0,0,0,0,0,0,0,0,0,0,0,0,0,0,0,0,0,0,0,0,0,0,0,0,0,0,0,0,0,0,0,0,0,0,0,0,0,0,0,0,0,0,0,0,0,0,0,0,0,0,0,0,0,0,0,
Delaware-New York,time_series_covid19_deaths_US,44135,0,0,0,0,0,0,0,0,0,0,0,0,0,0,0,0,0,0,0,0,0,0,0,0,0,0,0,0,0,0,0,0,0,0,0,0,0,0,0,0,0,0,0,0,0,0,0,0,0,0,0,0,0,0,0,0,0,0,0,0,0,0,0,0,0,0,0,0,0,0,0,0,1,1,1,1,1,1,2,2,2,3,3,3,3,3,3,4,4,4,4,4,4,4,4,4,4,4,4,4,4,4,4,4,4,4,4,4,4,4,4,4,4,4,4,4,4,4,4,4,4,4,4,4,4,4,4,4,4,4,4,4,4,4,4,4,4,4,4,4,4,4,4,4,4,4,4,4,4,4,4,4,4,4,4,4,4,4,4,4,4,4,4,4,4,
Dutchess-New York,time_series_covid19_deaths_US,294218,0,0,0,0,0,0,0,0,0,0,0,0,0,0,0,0,0,0,0,0,0,0,0,0,0,0,0,0,0,0,0,0,0,0,0,0,0,0,0,0,0,0,0,0,0,0,0,0,0,0,0,0,0,0,0,0,0,0,0,0,0,1,1,1,1,1,2,2,2,3,4,5,5,5,8,9,9,10,10,10,11,12,13,17,18,19,19,26,28,28,28,28,35,35,35,35,36,36,36,37,37,37,37,40,40,40,40,96,98,98,98,103,108,114,117,120,120,120,126,126,126,126,133,133,137,137,138,138,139,139,139,142,142,142,142,142,142,142,142,142,142,142,145,145,145,145,145,145,145,145,150,151,151,151,151,151,151,151,151,151,151,151,151,151,151,
Erie-New York,time_series_covid19_deaths_US,918702,0,0,0,0,0,0,0,0,0,0,0,0,0,0,0,0,0,0,0,0,0,0,0,0,0,0,0,0,0,0,0,0,0,0,0,0,0,0,0,0,0,0,0,0,0,0,0,0,0,0,0,0,0,0,0,0,0,0,0,0,0,0,0,1,2,5,6,7,7,8,11,12,19,22,27,30,39,45,51,53,53,57,66,73,101,107,107,115,135,135,162,162,188,198,198,207,207,207,247,266,266,266,266,283,308,323,323,346,357,357,357,357,400,400,411,420,420,420,449,449,449,449,480,480,480,480,504,504,516,516,516,524,524,524,549,549,549,560,560,560,580,580,587,587,587,587,602,602,602,602,621,623,623,632,632,634,634,634,634,634,634,634,634,639,639,
Essex-New York,time_series_covid19_deaths_US,36885,0,0,0,0,0,0,0,0,0,0,0,0,0,0,0,0,0,0,0,0,0,0,0,0,0,0,0,0,0,0,0,0,0,0,0,0,0,0,0,0,0,0,0,0,0,0,0,0,0,0,0,0,0,0,0,0,0,0,0,0,0,0,0,0,0,0,0,0,0,0,0,0,0,0,0,0,0,0,0,0,0,0,0,0,0,0,0,0,0,0,0,0,0,0,0,0,0,0,0,0,0,0,0,0,0,0,0,0,0,0,0,0,0,0,0,0,0,0,0,0,0,0,0,0,0,0,0,0,0,0,0,0,0,0,0,0,0,0,0,0,0,0,0,0,0,0,0,0,0,0,0,0,0,0,0,0,0,0,0,0,0,0,0,0,0,
Franklin-New York,time_series_covid19_deaths_US,50022,0,0,0,0,0,0,0,0,0,0,0,0,0,0,0,0,0,0,0,0,0,0,0,0,0,0,0,0,0,0,0,0,0,0,0,0,0,0,0,0,0,0,0,0,0,0,0,0,0,0,0,0,0,0,0,0,0,0,0,0,0,0,0,0,0,0,0,0,0,0,0,0,0,0,0,0,0,0,0,0,0,0,0,0,0,0,0,0,0,0,0,0,0,0,0,0,0,0,0,0,0,0,0,0,0,0,0,0,0,0,0,0,0,0,0,0,0,0,0,0,0,0,0,0,0,0,0,0,0,0,0,0,0,0,0,0,0,0,0,0,0,0,0,0,0,0,0,0,0,0,0,0,0,0,0,0,0,0,0,0,0,0,0,0,0,
Fulton-New York,time_series_covid19_deaths_US,53383,0,0,0,0,0,0,0,0,0,0,0,0,0,0,0,0,0,0,0,0,0,0,0,0,0,0,0,0,0,0,0,0,0,0,0,0,0,0,0,0,0,0,0,0,0,0,0,0,0,0,0,0,0,0,0,0,0,0,0,0,0,0,0,0,0,0,0,0,0,0,0,0,0,0,0,0,0,0,0,0,0,0,0,0,0,0,0,0,0,0,0,0,0,0,0,0,0,0,0,0,0,0,0,0,0,0,0,0,0,0,0,0,0,0,14,14,14,14,15,15,15,15,15,18,18,18,18,18,18,18,18,18,18,18,18,24,24,24,24,24,24,24,24,24,24,24,24,24,24,24,24,24,24,24,24,24,24,24,24,24,24,24,24,24,24,
Genesee-New York,time_series_covid19_deaths_US,57280,0,0,0,0,0,0,0,0,0,0,0,0,0,0,0,0,0,0,0,0,0,0,0,0,0,0,0,0,0,0,0,0,0,0,0,0,0,0,0,0,0,0,0,0,0,0,0,0,0,0,0,0,0,0,0,0,0,0,0,0,0,0,0,0,0,0,0,0,0,1,1,1,1,1,1,1,1,1,1,1,1,1,1,1,2,2,2,2,2,2,2,2,3,3,3,3,3,3,3,3,3,3,3,3,3,3,3,3,3,3,3,3,3,3,3,4,4,4,4,4,4,4,4,4,4,4,4,4,4,4,4,4,4,4,5,5,5,5,5,5,5,5,5,5,5,5,5,5,5,5,5,5,5,5,5,5,5,5,5,5,5,5,5,5,5,
Greene-New York,time_series_covid19_deaths_US,47188,0,0,0,0,0,0,0,0,0,0,0,0,0,0,0,0,0,0,0,0,0,0,0,0,0,0,0,0,0,0,0,0,0,0,0,0,0,0,0,0,0,0,0,0,0,0,0,0,0,0,0,0,0,0,0,0,0,0,0,0,0,0,0,0,0,0,0,0,0,0,0,0,0,0,0,0,0,0,0,0,0,0,0,0,0,0,0,0,0,0,0,0,0,5,5,5,5,5,5,5,5,5,5,10,10,10,10,10,10,10,10,14,14,14,14,14,14,14,17,17,17,17,18,18,18,18,18,18,18,18,18,18,18,18,18,18,18,18,18,18,18,18,18,18,18,18,18,18,18,18,18,18,18,18,18,18,18,18,18,18,18,18,18,18,18,
Hamilton-New York,time_series_covid19_deaths_US,4416,0,0,0,0,0,0,0,0,0,0,0,0,0,0,0,0,0,0,0,0,0,0,0,0,0,0,0,0,0,0,0,0,0,0,0,0,0,0,0,0,0,0,0,0,0,0,0,0,0,0,0,0,0,0,0,0,0,0,0,0,0,0,0,0,0,0,0,0,0,0,0,0,0,0,0,0,0,0,0,0,0,0,0,0,0,0,0,0,0,0,0,0,0,0,0,0,0,0,0,0,0,0,0,0,0,0,0,0,0,0,0,0,0,0,0,0,0,0,0,0,0,0,0,0,0,0,0,0,0,0,0,0,0,0,0,0,0,0,0,0,0,0,0,0,0,0,0,0,0,0,0,0,0,0,0,0,0,0,0,0,0,0,0,0,0,
Herkimer-New York,time_series_covid19_deaths_US,61319,0,0,0,0,0,0,0,0,0,0,0,0,0,0,0,0,0,0,0,0,0,0,0,0,0,0,0,0,0,0,0,0,0,0,0,0,0,0,0,0,0,0,0,0,0,0,0,0,0,0,0,0,0,0,0,0,0,0,0,0,0,0,0,0,0,0,1,2,2,2,2,2,2,3,3,3,3,3,3,3,3,3,3,3,3,3,3,3,3,3,3,3,3,3,3,3,3,3,3,3,3,3,3,3,3,3,3,3,3,3,3,3,3,3,3,3,3,3,3,3,3,3,3,3,3,3,3,3,3,3,3,3,3,3,3,3,3,3,3,3,3,3,3,3,3,3,3,3,3,3,3,3,3,3,3,3,3,3,3,3,3,3,3,3,3,
Jefferson-New York,time_series_covid19_deaths_US,109834,0,0,0,0,0,0,0,0,0,0,0,0,0,0,0,0,0,0,0,0,0,0,0,0,0,0,0,0,0,0,0,0,0,0,0,0,0,0,0,0,0,0,0,0,0,0,0,0,0,0,0,0,0,0,0,0,0,0,0,0,0,0,0,0,0,0,0,0,0,0,0,0,0,0,0,0,0,0,0,0,0,0,0,0,0,0,0,0,0,0,0,0,0,0,0,0,0,0,0,0,0,0,0,0,0,0,0,0,0,0,0,0,0,0,0,0,0,0,0,0,0,0,0,0,0,0,0,0,0,0,0,0,0,0,0,0,0,0,0,0,0,0,0,0,0,0,0,0,0,0,0,0,0,0,0,0,0,0,0,0,0,0,0,0,0,
Kings-New York,time_series_covid19_deaths_US,2559903,0,0,0,0,0,0,0,0,0,0,0,0,0,0,0,0,0,0,0,0,0,0,0,0,0,0,0,0,0,0,0,0,0,0,0,0,0,0,0,0,0,0,0,0,0,0,0,0,0,0,0,0,0,0,0,0,0,0,0,0,0,0,0,0,0,0,0,0,0,0,0,0,0,0,0,0,0,0,0,0,0,0,0,0,0,0,0,0,0,0,0,0,0,0,0,0,0,0,0,0,0,0,0,0,0,0,0,0,0,0,0,0,0,0,0,0,0,0,0,0,0,0,0,0,0,0,0,0,0,0,0,0,0,0,0,0,0,0,0,0,0,0,0,0,0,0,0,0,0,0,0,0,0,0,0,0,0,0,0,0,0,0,0,0,0,
Lewis-New York,time_series_covid19_deaths_US,26296,0,0,0,0,0,0,0,0,0,0,0,0,0,0,0,0,0,0,0,0,0,0,0,0,0,0,0,0,0,0,0,0,0,0,0,0,0,0,0,0,0,0,0,0,0,0,0,0,0,0,0,0,0,0,0,0,0,0,0,0,0,0,0,0,0,0,0,0,0,0,0,0,0,0,0,0,0,0,0,0,0,0,0,0,0,0,0,0,0,0,0,0,0,0,0,0,0,0,0,0,0,0,0,0,0,0,0,0,0,0,0,0,0,0,0,0,0,0,0,0,0,0,0,0,0,0,0,0,0,0,0,0,0,0,0,0,0,0,0,0,0,0,0,0,0,0,0,0,0,0,0,0,0,0,0,0,0,0,0,0,0,0,0,0,0,
Livingston-New York,time_series_covid19_deaths_US,62914,0,0,0,0,0,0,0,0,0,0,0,0,0,0,0,0,0,0,0,0,0,0,0,0,0,0,0,0,0,0,0,0,0,0,0,0,0,0,0,0,0,0,0,0,0,0,0,0,0,0,0,0,0,0,0,0,0,0,0,0,0,0,0,0,0,0,0,0,0,0,0,1,1,1,1,1,2,2,2,2,2,2,3,3,3,3,3,3,3,3,4,4,5,5,5,5,5,5,5,5,5,5,5,6,6,6,6,6,6,6,6,7,7,7,7,7,7,7,7,7,7,7,7,7,7,7,7,7,7,7,7,7,7,7,7,7,7,7,7,7,7,7,8,8,8,8,8,8,8,8,8,8,8,8,8,8,8,8,8,8,8,8,8,8,8,
Madison-New York,time_series_covid19_deaths_US,70941,0,0,0,0,0,0,0,0,0,0,0,0,0,0,0,0,0,0,0,0,0,0,0,0,0,0,0,0,0,0,0,0,0,0,0,0,0,0,0,0,0,0,0,0,0,0,0,0,0,0,0,0,0,0,0,0,0,0,0,0,0,0,1,1,1,1,1,1,1,1,2,2,2,2,2,2,2,3,3,3,3,3,3,3,3,3,3,5,5,5,5,5,5,5,5,5,5,5,5,5,5,5,5,6,6,6,6,6,6,6,6,7,7,7,7,8,8,8,8,8,8,8,10,10,10,10,10,10,10,10,10,10,10,10,15,15,15,15,15,15,15,15,17,17,17,17,17,17,17,17,17,17,17,17,17,17,17,17,17,17,17,17,17,17,17,
Monroe-New York,time_series_covid19_deaths_US,741770,0,0,0,0,0,0,0,0,0,0,0,0,0,0,0,0,0,0,0,0,0,0,0,0,0,0,0,0,0,0,0,0,0,0,0,0,0,0,0,0,0,0,0,0,0,0,0,0,0,0,0,0,0,0,0,1,1,1,1,1,1,2,3,3,4,4,5,5,6,8,9,9,10,14,19,26,31,34,40,40,40,40,50,56,56,62,62,62,68,71,81,81,91,96,96,106,108,108,113,115,121,121,121,128,128,137,137,143,147,147,147,156,156,163,167,167,167,167,174,174,174,174,188,188,194,194,198,198,216,216,216,216,216,216,230,230,230,236,236,236,236,236,247,247,247,247,247,247,247,247,259,259,259,259,259,266,266,266,266,266,266,266,266,273,273,
Montgomery-New York,time_series_covid19_deaths_US,49221,0,0,0,0,0,0,0,0,0,0,0,0,0,0,0,0,0,0,0,0,0,0,0,0,0,0,0,0,0,0,0,0,0,0,0,0,0,0,0,0,0,0,0,0,0,0,0,0,0,0,0,0,0,0,0,0,0,0,0,0,0,0,0,0,0,0,0,0,0,0,0,0,0,0,1,1,1,1,1,1,1,1,1,1,1,1,1,1,1,1,1,1,1,1,1,1,1,1,1,1,1,1,1,1,1,1,1,1,1,1,1,1,1,1,1,1,1,1,4,4,4,4,4,4,4,4,4,4,4,4,4,4,4,4,4,4,4,4,4,4,4,4,4,4,4,4,4,4,4,4,4,4,4,4,4,4,4,4,4,4,4,4,4,4,4,
Nassau-New York,time_series_covid19_deaths_US,1356924,0,0,0,0,0,0,0,0,0,0,0,0,0,0,0,0,0,0,0,0,0,0,0,0,0,0,0,0,0,0,0,0,0,0,0,0,0,0,0,0,0,0,0,0,0,0,0,0,0,0,0,0,0,0,0,1,1,3,4,4,4,4,9,17,17,19,27,39,39,48,76,76,95,95,162,162,500,500,633,723,792,846,910,1001,1057,1109,1109,1109,1109,1329,1390,1431,1471,1518,1558,1587,1620,1647,1678,1700,1720,1745,1770,1792,1818,1891,1904,1918,1940,1963,1973,1991,2004,2016,2027,2034,2044,2053,2060,2065,2073,2082,2087,2094,2103,2108,2137,2114,2118,2121,2122,2125,2127,2130,2132,2132,2135,2142,2145,2145,2151,2151,2163,2163,2165,2167,2170,2171,2172,2175,2175,2178,2178,2179,2180,2180,2181,2182,2182,2182,2182,2183,2184,2185,2186,
New York-New York,time_series_covid19_deaths_US,8336817,0,0,0,0,0,0,0,0,0,0,0,0,0,0,0,0,0,0,0,0,0,0,0,0,0,0,0,0,0,0,0,0,0,0,0,0,0,0,0,0,0,0,0,0,0,0,0,0,0,1,1,2,4,9,18,29,54,80,130,180,233,328,435,577,808,1066,1390,1744,2157,2626,3174,3837,4500,5196,5951,6749,7563,8331,9084,9803,10517,11265,12021,12675,13236,13785,14261,14767,15258,15717,16134,16527,16938,17311,17628,17928,18246,18504,18779,19034,19281,19504,19712,19906,20073,20250,20410,20563,20672,20788,20906,21008,21098,21185,21283,21384,21471,21537,21600,21687,21739,21815,21878,21931,21985,22027,22079,22121,22173,22231,22274,22313,22357,22403,22441,22471,22509,22538,22583,22618,22656,22682,22708,22722,22746,22766,22789,22811,22828,22845,22864,22892,22918,22946,22970,22986,23000,23011,23016,23028,23096,23104,23123,23140,23159,
Niagara-New York,time_series_covid19_deaths_US,209281,0,0,0,0,0,0,0,0,0,0,0,0,0,0,0,0,0,0,0,0,0,0,0,0,0,0,0,0,0,0,0,0,0,0,0,0,0,0,0,0,0,0,0,0,0,0,0,0,0,0,0,0,0,0,0,0,0,0,0,0,0,0,0,0,0,0,0,0,0,0,0,0,0,0,0,0,1,1,4,4,4,4,5,5,9,9,9,9,9,15,16,16,18,21,21,21,21,21,21,21,25,25,25,28,28,28,28,28,42,42,42,44,44,44,44,50,50,50,52,52,52,52,59,59,59,59,63,63,63,63,63,65,65,65,70,70,70,70,70,70,70,70,78,78,78,78,78,78,78,78,87,87,87,88,88,88,88,88,88,88,88,88,88,88,88,
Oneida-New York,time_series_covid19_deaths_US,228671,0,0,0,0,0,0,0,0,0,0,0,0,0,0,0,0,0,0,0,0,0,0,0,0,0,0,0,0,0,0,0,0,0,0,0,0,0,0,0,0,0,0,0,0,0,0,0,0,0,0,0,0,0,0,0,0,0,0,0,0,0,0,0,0,0,0,0,0,0,0,1,1,1,1,2,2,2,2,3,3,3,3,3,4,4,6,6,6,7,7,8,8,11,11,11,14,15,15,15,15,17,17,17,18,18,18,18,20,21,21,21,23,23,23,23,31,31,31,35,35,35,35,38,38,38,38,46,46,46,46,46,49,49,49,58,58,58,61,61,61,61,61,77,77,77,77,77,77,77,77,77,77,77,87,87,90,90,90,90,90,90,90,90,97,97,
Onondaga-New York,time_series_covid19_deaths_US,460528,0,0,0,0,0,0,0,0,0,0,0,0,0,0,0,0,0,0,0,0,0,0,0,0,0,0,0,0,0,0,0,0,0,0,0,0,0,0,0,0,0,0,0,0,0,0,0,0,0,0,0,0,0,0,0,0,0,0,0,0,0,0,1,1,1,1,1,1,1,1,1,2,3,4,5,5,6,6,7,8,8,9,11,11,12,17,17,17,19,21,21,22,23,25,25,25,26,26,30,30,34,34,34,37,37,41,41,65,69,69,69,79,82,84,90,90,90,90,103,103,103,103,115,115,115,115,127,127,131,131,131,139,139,139,149,149,149,151,151,151,151,151,166,166,166,166,174,174,174,174,178,178,178,182,182,184,184,184,184,184,184,184,184,188,188,
Ontario-New York,time_series_covid19_deaths_US,109777,0,0,0,0,0,0,0,0,0,0,0,0,0,0,0,0,0,0,0,0,0,0,0,0,0,0,0,0,0,0,0,0,0,0,0,0,0,0,0,0,0,0,0,0,0,0,0,0,0,0,0,0,0,0,0,0,0,0,0,0,0,0,0,0,0,0,0,0,0,0,0,0,0,0,0,0,0,0,0,0,0,0,0,0,0,0,0,0,0,0,0,0,0,9,9,9,9,9,9,9,9,9,9,9,9,9,9,9,9,9,9,9,9,9,9,9,9,9,9,9,9,9,9,9,9,9,9,9,9,9,9,9,9,9,9,9,9,9,9,9,9,9,9,9,9,9,9,9,9,9,9,9,9,9,9,9,9,9,9,9,9,9,9,33,33,
Orange-New York,time_series_covid19_deaths_US,384940,0,0,0,0,0,0,0,0,0,0,0,0,0,0,0,0,0,0,0,0,0,0,0,0,0,0,0,0,0,0,0,0,0,0,0,0,0,0,0,0,0,0,0,0,0,0,0,0,0,0,0,0,0,0,0,0,0,0,0,0,0,0,0,1,1,1,4,5,5,5,19,19,30,40,53,76,93,107,115,115,132,145,171,178,178,204,204,211,211,211,231,244,268,274,274,274,299,299,311,320,329,329,329,343,354,358,364,367,367,367,388,395,398,403,408,408,408,408,419,419,428,428,429,429,429,429,443,443,444,444,444,444,444,444,444,444,444,465,465,465,467,467,473,473,473,473,473,473,473,473,473,473,473,473,473,478,478,478,478,478,478,478,478,478,478,
Orleans-New York,time_series_covid19_deaths_US,40352,0,0,0,0,0,0,0,0,0,0,0,0,0,0,0,0,0,0,0,0,0,0,0,0,0,0,0,0,0,0,0,0,0,0,0,0,0,0,0,0,0,0,0,0,0,0,0,0,0,0,0,0,0,0,0,0,0,0,0,0,0,0,0,0,0,0,0,0,0,0,0,0,0,0,0,0,0,0,0,0,0,0,0,0,0,1,1,1,1,1,1,1,5,7,7,7,9,9,9,9,13,13,13,14,14,14,14,14,14,14,14,20,20,20,20,21,21,21,23,23,23,23,23,23,23,23,33,33,33,33,33,37,37,37,41,41,41,41,41,41,41,41,49,49,49,49,49,49,49,49,50,50,51,51,51,51,51,51,51,51,51,51,51,51,51,
Oswego-New York,time_series_covid19_deaths_US,117124,0,0,0,0,0,0,0,0,0,0,0,0,0,0,0,0,0,0,0,0,0,0,0,0,0,0,0,0,0,0,0,0,0,0,0,0,0,0,0,0,0,0,0,0,0,0,0,0,0,0,0,0,0,0,0,0,0,0,0,0,0,0,0,0,0,0,0,0,0,0,0,0,0,0,0,0,2,2,2,2,2,2,2,2,2,2,2,2,2,2,2,2,2,2,2,2,3,3,3,3,3,3,3,3,3,3,3,3,3,3,3,3,3,3,3,3,3,3,3,3,3,3,3,3,3,3,3,3,3,3,3,3,3,3,3,3,3,3,3,3,3,3,3,3,3,3,3,3,3,3,3,3,3,3,3,3,3,3,3,3,3,3,3,3,3,
Otsego-New York,time_series_covid19_deaths_US,59493,0,0,0,0,0,0,0,0,0,0,0,0,0,0,0,0,0,0,0,0,0,0,0,0,0,0,0,0,0,0,0,0,0,0,0,0,0,0,0,0,0,0,0,0,0,0,0,0,0,0,0,0,0,0,0,0,0,0,0,0,0,0,0,0,0,0,1,1,1,1,1,1,1,1,1,1,1,1,1,1,1,1,1,2,3,3,3,4,4,4,4,4,4,4,4,4,4,4,4,4,4,4,4,4,4,4,4,4,4,4,4,4,4,4,4,4,4,4,5,5,5,5,5,5,5,5,5,5,5,5,5,5,5,5,5,5,5,5,5,5,5,5,5,5,5,5,5,5,5,5,5,5,5,5,5,5,5,5,5,5,5,5,5,5,5,
Out of NY-New York,time_series_covid19_deaths_US,0,0,0,0,0,0,0,0,0,0,0,0,0,0,0,0,0,0,0,0,0,0,0,0,0,0,0,0,0,0,0,0,0,0,0,0,0,0,0,0,0,0,0,0,0,0,0,0,0,0,0,0,0,0,0,0,0,0,0,0,0,0,0,0,0,0,0,0,0,0,0,0,0,0,0,0,0,0,0,0,0,0,0,0,0,0,0,0,0,0,0,0,0,0,0,0,0,0,0,0,0,0,0,0,0,0,0,0,0,0,0,0,0,0,0,0,0,0,0,0,0,0,0,0,0,0,0,0,0,0,0,0,0,0,0,0,0,0,0,0,0,0,0,0,0,0,0,0,0,0,0,0,0,0,0,0,0,0,0,0,0,0,0,0,0,0,
Putnam-New York,time_series_covid19_deaths_US,98320,0,0,0,0,0,0,0,0,0,0,0,0,0,0,0,0,0,0,0,0,0,0,0,0,0,0,0,0,0,0,0,0,0,0,0,0,0,0,0,0,0,0,0,0,0,0,0,0,0,0,0,0,0,0,0,0,0,0,0,0,0,0,0,0,0,0,0,0,0,0,0,0,7,7,7,7,7,7,7,7,7,7,7,7,7,7,7,7,7,7,7,7,7,7,7,7,7,7,7,7,7,7,7,7,7,7,7,7,7,7,7,7,7,7,56,57,57,57,58,58,58,58,58,58,58,58,58,58,58,60,60,60,60,60,60,60,60,60,60,60,60,60,62,62,62,62,62,62,62,62,62,62,62,62,62,62,62,63,63,63,63,63,63,63,63,
Queens-New York,time_series_covid19_deaths_US,2253858,0,0,0,0,0,0,0,0,0,0,0,0,0,0,0,0,0,0,0,0,0,0,0,0,0,0,0,0,0,0,0,0,0,0,0,0,0,0,0,0,0,0,0,0,0,0,0,0,0,0,0,0,0,0,0,0,0,0,0,0,0,0,0,0,0,0,0,0,0,0,0,0,0,0,0,0,0,0,0,0,0,0,0,0,0,0,0,0,0,0,0,0,0,0,0,0,0,0,0,0,0,0,0,0,0,0,0,0,0,0,0,0,0,0,0,0,0,0,0,0,0,0,0,0,0,0,0,0,0,0,0,0,0,0,0,0,0,0,0,0,0,0,0,0,0,0,0,0,0,0,0,0,0,0,0,0,0,0,0,0,0,0,0,0,0,
Rensselaer-New York,time_series_covid19_deaths_US,158714,0,0,0,0,0,0,0,0,0,0,0,0,0,0,0,0,0,0,0,0,0,0,0,0,0,0,0,0,0,0,0,0,0,0,0,0,0,0,0,0,0,0,0,0,0,0,0,0,0,0,0,0,0,0,0,0,0,0,0,0,0,0,0,0,0,0,0,0,0,0,0,0,0,0,1,2,3,3,5,5,5,5,6,6,6,6,6,6,6,6,6,9,10,11,11,11,11,11,11,11,11,11,11,23,23,23,23,23,23,23,23,23,23,23,23,23,23,23,25,25,25,25,28,28,28,28,28,28,28,28,28,28,28,28,28,28,28,28,28,28,28,28,28,28,28,28,28,28,28,28,28,28,28,28,28,28,28,28,28,28,28,28,28,30,30,
Richmond-New York,time_series_covid19_deaths_US,476143,0,0,0,0,0,0,0,0,0,0,0,0,0,0,0,0,0,0,0,0,0,0,0,0,0,0,0,0,0,0,0,0,0,0,0,0,0,0,0,0,0,0,0,0,0,0,0,0,0,0,0,0,0,0,0,0,0,0,0,0,0,0,0,0,0,0,0,0,0,0,0,0,0,0,0,0,0,0,0,0,0,0,0,0,0,0,0,0,0,0,0,0,0,0,0,0,0,0,0,0,0,0,0,0,0,0,0,0,0,0,0,0,0,0,0,0,0,0,0,0,0,0,0,0,0,0,0,0,0,0,0,0,0,0,0,0,0,0,0,0,0,0,0,0,0,0,0,0,0,0,0,0,0,0,0,0,0,0,0,0,0,0,0,0,0,
Rockland-New York,time_series_covid19_deaths_US,325789,0,0,0,0,0,0,0,0,0,0,0,0,0,0,0,0,0,0,0,0,0,0,0,0,0,0,0,0,0,0,0,0,0,0,0,0,0,0,0,0,0,0,0,0,0,0,0,0,0,0,0,0,1,1,1,1,1,1,1,1,1,1,5,5,5,7,8,8,8,8,18,18,42,69,69,119,135,154,172,200,200,200,241,263,298,319,319,334,334,334,401,401,436,453,453,453,481,481,500,511,519,519,519,536,551,551,557,562,562,562,576,580,586,594,602,602,602,602,611,611,611,611,618,618,618,618,626,626,631,631,631,646,646,646,655,655,655,657,657,657,661,661,661,661,661,661,665,665,665,665,667,667,667,667,667,667,667,667,667,667,667,668,668,668,668,
Saratoga-New York,time_series_covid19_deaths_US,229863,0,0,0,0,0,0,0,0,0,0,0,0,0,0,0,0,0,0,0,0,0,0,0,0,0,0,0,0,0,0,0,0,0,0,0,0,0,0,0,0,0,0,0,0,0,0,0,0,0,0,0,0,0,0,0,0,0,0,0,0,0,0,0,0,0,0,0,0,1,1,1,1,1,1,1,4,4,4,4,4,4,4,4,4,4,4,4,7,7,7,7,7,7,11,11,11,11,11,11,11,11,11,11,11,11,11,11,11,11,11,11,11,11,11,11,11,11,11,11,11,11,11,11,11,11,11,11,11,11,14,14,14,14,14,14,14,14,14,14,14,14,14,14,14,14,14,14,14,14,14,14,14,14,14,14,14,14,14,14,14,14,14,14,14,14,
Schenectady-New York,time_series_covid19_deaths_US,155299,0,0,0,0,0,0,0,0,0,0,0,0,0,0,0,0,0,0,0,0,0,0,0,0,0,0,0,0,0,0,0,0,0,0,0,0,0,0,0,0,0,0,0,0,0,0,0,0,0,0,0,0,0,0,0,0,0,0,0,0,0,0,0,1,1,1,1,1,1,1,1,1,5,5,7,7,7,7,7,7,7,7,8,8,8,8,8,14,14,14,14,14,15,15,15,15,22,22,22,22,27,27,27,28,28,28,28,28,28,28,28,28,28,28,28,28,28,28,28,28,28,28,29,29,29,29,29,29,29,29,29,29,29,29,29,30,30,30,30,30,30,30,36,36,36,36,36,36,36,36,36,36,36,37,37,37,37,37,37,37,37,37,37,37,37,
Schoharie-New York,time_series_covid19_deaths_US,30999,0,0,0,0,0,0,0,0,0,0,0,0,0,0,0,0,0,0,0,0,0,0,0,0,0,0,0,0,0,0,0,0,0,0,0,0,0,0,0,0,0,0,0,0,0,0,0,0,0,0,0,0,0,0,0,0,0,0,0,0,0,0,0,0,0,0,0,0,0,0,0,0,0,0,0,0,0,0,0,0,0,0,0,0,0,0,0,0,0,0,0,0,0,0,0,0,0,0,0,0,0,0,0,0,0,0,0,0,0,0,0,0,0,0,0,0,0,0,0,0,0,0,0,0,0,0,0,0,0,0,0,0,0,0,0,0,0,0,0,0,0,0,0,0,0,0,0,0,0,0,0,0,0,0,0,0,0,0,0,0,0,0,0,0,0,
Schuyler-New York,time_series_covid19_deaths_US,17807,0,0,0,0,0,0,0,0,0,0,0,0,0,0,0,0,0,0,0,0,0,0,0,0,0,0,0,0,0,0,0,0,0,0,0,0,0,0,0,0,0,0,0,0,0,0,0,0,0,0,0,0,0,0,0,0,0,0,0,0,0,0,0,0,0,0,0,0,0,0,0,0,0,0,0,0,0,0,0,0,0,0,0,0,0,0,0,0,0,0,0,0,0,0,0,0,0,0,0,0,0,0,0,0,0,0,0,0,0,0,0,0,0,0,0,0,0,0,0,0,0,0,0,0,0,0,0,0,0,0,0,0,0,0,0,0,0,0,0,0,0,0,0,0,0,0,0,0,0,0,0,0,0,0,0,0,0,0,0,0,0,0,0,0,0,
Seneca-New York,time_series_covid19_deaths_US,34016,0,0,0,0,0,0,0,0,0,0,0,0,0,0,0,0,0,0,0,0,0,0,0,0,0,0,0,0,0,0,0,0,0,0,0,0,0,0,0,0,0,0,0,0,0,0,0,0,0,0,0,0,0,0,0,0,0,0,0,0,0,0,0,0,0,0,0,0,0,0,0,0,0,0,0,0,0,0,0,0,0,0,0,0,0,0,0,0,0,0,0,0,0,0,0,0,0,0,0,0,0,0,0,0,0,0,0,0,0,0,0,0,0,0,0,0,0,0,0,0,0,0,0,0,0,0,0,0,0,0,0,0,0,0,0,0,0,0,0,0,0,0,0,0,0,0,0,0,0,0,0,0,0,0,0,0,0,0,0,0,0,0,0,0,0,
St. Lawrence-New York,time_series_covid19_deaths_US,107740,0,0,0,0,0,0,0,0,0,0,0,0,0,0,0,0,0,0,0,0,0,0,0,0,0,0,0,0,0,0,0,0,0,0,0,0,0,0,0,0,0,0,0,0,0,0,0,0,0,0,0,0,0,0,0,0,0,0,0,0,0,0,0,0,0,0,0,0,0,0,0,0,0,0,0,0,0,0,0,0,0,0,0,0,0,0,0,0,0,0,0,0,0,0,0,0,0,0,0,0,0,0,0,0,0,0,0,0,0,0,0,0,0,0,2,2,2,2,2,2,2,2,2,2,2,2,2,2,2,2,2,2,2,2,2,2,2,2,2,2,2,2,2,2,2,2,2,2,2,2,2,2,2,2,2,2,2,2,2,2,2,2,2,2,2,
Steuben-New York,time_series_covid19_deaths_US,95379,0,0,0,0,0,0,0,0,0,0,0,0,0,0,0,0,0,0,0,0,0,0,0,0,0,0,0,0,0,0,0,0,0,0,0,0,0,0,0,0,0,0,0,0,0,0,0,0,0,0,0,0,0,0,0,0,0,0,0,0,0,0,0,0,0,0,0,0,0,0,0,0,0,0,1,4,5,6,6,6,6,10,11,16,16,18,18,21,23,27,27,27,33,33,33,33,35,35,35,35,37,37,37,37,37,37,37,37,39,39,39,39,39,39,39,39,39,39,41,41,41,41,41,41,41,41,41,41,41,41,41,41,41,41,41,41,41,41,41,41,41,41,41,41,41,41,41,41,41,41,41,41,41,41,41,41,41,41,41,41,41,41,41,41,41,
Suffolk-New York,time_series_covid19_deaths_US,1476601,0,0,0,0,0,0,0,0,0,0,0,0,0,0,0,0,0,0,0,0,0,0,0,0,0,0,0,0,0,0,0,0,0,0,0,0,0,0,0,0,0,0,0,0,0,0,0,0,0,0,0,0,0,0,2,3,3,3,7,9,9,13,17,20,22,30,30,40,40,44,53,69,84,124,175,199,263,323,362,414,458,518,568,608,653,693,693,693,693,859,888,926,959,993,1042,1070,1102,1131,1155,1177,1203,1227,1256,1273,1296,1522,1547,1568,1597,1617,1639,1654,1680,1697,1709,1733,1748,1754,1772,1791,1802,1814,1822,1834,1840,1851,1861,1871,1879,1892,1901,1906,1909,1915,1916,1918,1923,1931,1935,1935,1941,1945,1945,1947,1948,1955,1957,1958,1961,1962,1963,1964,1965,1970,1972,1974,1975,1978,1978,1979,1981,1981,1981,1983,1983,
Sullivan-New York,time_series_covid19_deaths_US,75432,0,0,0,0,0,0,0,0,0,0,0,0,0,0,0,0,0,0,0,0,0,0,0,0,0,0,0,0,0,0,0,0,0,0,0,0,0,0,0,0,0,0,0,0,0,0,0,0,0,0,0,0,0,0,0,0,0,0,0,0,0,0,0,0,0,0,0,0,0,1,1,4,5,5,5,6,7,7,7,7,7,7,8,9,10,11,11,11,11,13,14,14,17,17,17,17,21,21,22,22,22,22,22,23,23,23,23,23,25,25,25,25,25,25,25,25,25,25,28,28,28,28,29,29,29,29,30,30,30,31,31,31,31,31,31,31,31,31,31,31,31,31,45,45,45,45,45,45,45,45,45,45,45,45,45,45,45,45,45,45,45,45,45,48,48,
Tioga-New York,time_series_covid19_deaths_US,48203,0,0,0,0,0,0,0,0,0,0,0,0,0,0,0,0,0,0,0,0,0,0,0,0,0,0,0,0,0,0,0,0,0,0,0,0,0,0,0,0,0,0,0,0,0,0,0,0,0,0,0,0,0,0,0,0,0,0,0,0,0,0,0,0,0,0,0,0,0,0,0,0,0,0,0,0,0,0,0,0,0,0,0,0,0,0,0,0,0,0,0,0,4,5,5,5,6,6,10,10,10,10,10,14,14,14,14,14,14,14,14,20,20,20,20,20,20,20,20,20,20,20,21,21,21,21,21,21,21,21,21,21,21,21,22,22,22,22,22,22,22,22,24,24,24,24,24,24,24,24,24,24,24,24,24,24,24,24,24,24,24,24,24,24,24,
Tompkins-New York,time_series_covid19_deaths_US,102180,0,0,0,0,0,0,0,0,0,0,0,0,0,0,0,0,0,0,0,0,0,0,0,0,0,0,0,0,0,0,0,0,0,0,0,0,0,0,0,0,0,0,0,0,0,0,0,0,0,0,0,0,0,0,0,0,0,0,0,0,0,0,0,0,0,0,0,0,0,0,0,0,0,0,0,0,0,0,0,0,0,0,0,0,0,0,0,0,0,0,0,0,0,0,0,0,0,0,0,0,0,0,0,0,0,0,0,0,0,0,0,0,0,0,0,0,0,0,0,0,0,0,0,0,0,0,0,0,0,0,0,0,0,0,0,0,0,0,0,0,0,0,0,0,0,0,0,0,0,0,0,0,0,0,0,0,0,0,0,0,0,0,0,0,0,
Ulster-New York,time_series_covid19_deaths_US,177573,0,0,0,0,0,0,0,0,0,0,0,0,0,0,0,0,0,0,0,0,0,0,0,0,0,0,0,0,0,0,0,0,0,0,0,0,0,0,0,0,0,0,0,0,0,0,0,0,0,0,0,0,0,0,0,0,0,0,0,0,0,0,0,0,0,0,0,0,0,0,3,3,3,4,4,4,5,7,8,8,8,11,11,13,13,15,15,16,16,16,17,17,21,23,23,23,24,24,30,30,37,37,37,44,44,49,51,54,54,54,58,60,62,64,64,64,64,64,69,69,71,71,72,72,72,72,74,74,74,74,74,77,77,77,77,77,77,79,79,79,79,79,83,83,83,83,83,83,83,83,85,85,85,85,85,85,85,85,85,85,85,86,86,86,86,
Unassigned-New York,time_series_covid19_deaths_US,0,0,0,0,0,0,0,0,0,0,0,0,0,0,0,0,0,0,0,0,0,0,0,0,0,0,0,0,0,0,0,0,0,0,0,0,0,0,0,0,0,0,0,0,0,0,0,0,0,0,0,0,0,0,0,0,0,0,4,4,0,38,36,39,31,45,87,109,159,298,468,565,675,623,427,338,309,116,152,73,0,4,40,0,0,0,0,574,1059,401,48,3,0,0,0,0,0,0,0,0,0,0,0,0,0,0,0,0,0,0,0,0,0,0,0,0,0,0,0,0,0,0,0,0,0,0,0,0,0,0,0,0,0,0,0,0,0,0,0,0,0,0,0,0,0,0,0,0,0,0,0,0,0,0,0,0,0,0,0,0,0,0,0,0,0,0,
Warren-New York,time_series_covid19_deaths_US,63944,0,0,0,0,0,0,0,0,0,0,0,0,0,0,0,0,0,0,0,0,0,0,0,0,0,0,0,0,0,0,0,0,0,0,0,0,0,0,0,0,0,0,0,0,0,0,0,0,0,0,0,0,0,0,0,0,0,0,0,0,0,0,0,0,0,0,0,0,0,0,0,0,0,0,0,0,0,0,0,0,0,0,0,0,0,0,0,0,0,0,0,0,0,0,0,0,0,0,0,0,0,0,0,0,0,0,0,0,0,0,0,0,0,0,25,26,26,26,26,26,26,26,26,26,26,26,26,26,26,28,28,28,28,28,28,28,28,28,28,28,28,28,30,30,30,30,30,30,30,30,30,30,30,30,30,30,30,30,30,30,30,30,30,30,30,
Washington-New York,time_series_covid19_deaths_US,61204,0,0,0,0,0,0,0,0,0,0,0,0,0,0,0,0,0,0,0,0,0,0,0,0,0,0,0,0,0,0,0,0,0,0,0,0,0,0,0,0,0,0,0,0,0,0,0,0,0,0,0,0,0,0,0,0,0,0,0,0,0,0,0,0,0,0,0,0,0,0,0,0,0,0,1,1,1,1,1,1,1,1,1,1,2,2,2,2,2,2,2,2,2,2,2,2,2,2,2,2,6,6,6,8,8,8,8,8,8,8,8,13,13,13,13,13,13,13,13,13,13,13,13,13,13,13,13,13,13,13,13,13,13,13,13,13,13,13,13,13,13,13,14,14,14,14,14,14,14,14,14,14,14,14,14,14,14,14,14,14,14,14,14,14,14,
Wayne-New York,time_series_covid19_deaths_US,89918,0,0,0,0,0,0,0,0,0,0,0,0,0,0,0,0,0,0,0,0,0,0,0,0,0,0,0,0,0,0,0,0,0,0,0,0,0,0,0,0,0,0,0,0,0,0,0,0,0,0,0,0,0,0,0,0,0,0,0,0,0,0,0,0,0,0,0,0,0,0,0,0,0,0,0,0,0,0,0,0,0,0,0,0,0,0,0,0,0,0,0,0,0,0,0,0,1,1,1,1,1,1,1,2,2,2,2,2,2,2,2,2,2,2,2,2,2,2,3,3,3,3,3,3,3,3,3,3,3,3,3,3,3,3,3,3,3,3,3,3,3,3,3,3,3,3,3,3,3,3,3,3,3,3,3,3,3,3,3,3,3,3,3,3,3,
Westchester-New York,time_series_covid19_deaths_US,967506,0,0,0,0,0,0,0,0,0,0,0,0,0,0,0,0,0,0,0,0,0,0,0,0,0,0,0,0,0,0,0,0,0,0,0,0,0,0,0,0,0,0,0,0,0,0,0,0,0,0,0,0,0,0,0,0,0,0,0,0,0,0,1,1,1,1,10,10,10,10,25,64,67,67,67,211,211,283,359,389,461,511,557,596,640,668,668,668,668,776,809,838,863,891,920,946,962,983,1006,1031,1049,1067,1086,1101,1116,1167,1184,1191,1203,1218,1227,1238,1245,1256,1269,1275,1289,1295,1298,1305,1313,1319,1327,1337,1343,1345,1352,1357,1359,1364,1371,1374,1378,1381,1385,1389,1392,1392,1395,1395,1399,1400,1402,1404,1404,1405,1405,1407,1410,1410,1413,1414,1415,1416,1416,1416,1418,1419,1419,1424,1425,1425,1426,1426,1426,
Wyoming-New York,time_series_covid19_deaths_US,39859,0,0,0,0,0,0,0,0,0,0,0,0,0,0,0,0,0,0,0,0,0,0,0,0,0,0,0,0,0,0,0,0,0,0,0,0,0,0,0,0,0,0,0,0,0,0,0,0,0,0,0,0,0,0,0,0,0,0,0,0,0,1,1,1,1,1,1,1,1,1,1,1,1,1,1,1,1,1,1,1,1,1,1,1,3,3,3,3,3,3,3,3,4,5,5,5,5,5,5,5,5,5,5,5,5,5,5,5,5,5,5,5,5,5,5,5,5,5,5,5,5,5,5,5,5,5,5,5,5,5,5,5,5,5,5,5,5,5,5,5,5,5,5,5,5,5,5,5,5,5,5,5,5,5,5,5,5,5,5,5,5,5,5,5,5,
Yates-New York,time_series_covid19_deaths_US,24913,0,0,0,0,0,0,0,0,0,0,0,0,0,0,0,0,0,0,0,0,0,0,0,0,0,0,0,0,0,0,0,0,0,0,0,0,0,0,0,0,0,0,0,0,0,0,0,0,0,0,0,0,0,0,0,0,0,0,0,0,0,0,0,0,0,0,0,0,0,0,0,0,0,0,0,0,0,0,0,0,0,0,0,0,0,0,0,0,0,0,0,0,1,1,1,1,1,1,1,1,1,1,1,1,1,1,1,1,1,1,1,1,1,1,4,4,4,4,4,4,4,4,4,4,6,6,6,6,6,6,6,6,6,6,6,6,6,6,6,6,6,6,6,6,6,6,6,6,6,6,6,6,6,6,6,6,6,6,6,6,6,6,6,6,6,
